speaker,utterance_count
u4525,537
u1169,489
u1475,472
u3681,467
u4331,465
u1094,441
u4460,436
u2340,434
u4477,428
u4449,425
u8677,414
u1240,409
u3497,398
u7588,394
u3555,390
u4421,386
u3727,380
u1323,378
u4941,375
u5262,374
u4405,372
u5161,370
u5016,369
u3686,365
u5345,361
u5164,356
u2511,355
u1364,353
u603,350
u2738,349
u8300,348
u7811,346
u7713,344
u1612,344
u5076,343
u4057,342
u327,339
u4398,339
u3088,338
u1593,337
u955,334
u8683,332
u8767,331
u2196,330
u3519,329
u7025,326
u8859,326
u4359,323
u4136,320
u547,318
u3606,314
u1416,313
u1940,312
u1785,310
u6552,309
u3171,308
u3803,306
u2687,304
u1469,304
u574,304
u2314,301
u4535,300
u4115,300
u8902,299
u255,298
u7628,296
u1548,295
u4717,294
u6940,292
u8114,292
u4960,291
u5200,291
u2574,289
u4646,288
u599,287
u2735,285
u8329,284
u6921,284
u4729,283
u861,283
u5572,282
u6980,282
u1357,282
u2495,281
u667,281
u154,280
u1660,279
u3125,279
u8408,279
u5621,278
u7959,278
u7883,277
u1568,277
u2312,277
u6912,276
u6045,275
u3798,274
u8409,273
u4866,272
u8240,271
u114,270
u5674,269
u7712,269
u3230,268
u3409,268
u4249,268
u7283,266
u8744,266
u7936,265
u3993,262
u1598,261
u4166,261
u5065,259
u2173,258
u4349,258
u1535,257
u1071,256
u5909,255
u1971,254
u1595,253
u753,253
u1520,253
u6551,253
u9017,252
u6136,252
u4602,252
u5455,251
u1708,251
u8810,251
u3321,250
u3763,250
u6410,250
u1952,250
u8633,250
u5582,250
u713,249
u8218,248
u4404,247
u6967,247
u8400,247
u6983,246
u3261,246
u6822,245
u859,245
u7142,244
u3266,244
u2691,244
u7722,244
u3884,243
u2603,243
u2138,243
u3486,243
u1827,242
u3493,242
u7410,242
u7885,241
u1244,241
u1799,240
u6760,240
u2244,240
u2784,240
u556,240
u3820,239
u5064,239
u1178,237
u5562,237
u6484,235
u1916,234
u2065,234
u1255,232
u1499,232
u7806,232
u3602,232
u728,231
u3057,231
u3172,231
u3730,231
u4300,230
u2502,229
u3713,229
u7337,229
u6230,228
u8771,228
u3075,226
u67,225
u6774,225
u2938,225
u3549,225
u7133,224
u4278,224
u3585,224
u6413,223
u6563,223
u4584,223
u6367,222
u2021,221
u4505,221
u2958,221
u7442,220
u5747,219
u2147,218
u7524,218
u3283,218
u4595,218
u4214,217
u4828,217
u7649,217
u1811,217
u2585,216
u6649,215
u7574,215
u3043,215
u354,214
u5269,214
u7682,214
u3252,214
u4065,213
u8830,213
u1767,212
u5507,212
u6772,212
u3784,211
u3865,211
u1272,210
u8819,210
u4910,210
u2369,209
u479,208
u5527,208
u439,208
u1983,208
u4906,207
u1089,207
u5317,206
u274,206
u3139,206
u5364,206
u1893,205
u1407,205
u6266,205
u2563,205
u2856,205
u260,204
u4393,204
u4281,204
u6013,203
u3031,203
u7666,203
u4587,201
u7221,201
u412,201
u3707,201
u8880,200
u1519,200
u8142,200
u7869,199
u1215,199
u6121,199
u313,199
u8498,199
u6258,196
u779,196
u6860,196
u3635,196
u1017,195
u7522,195
u3357,195
u3557,194
u380,194
u4258,194
u7837,194
u8150,194
u7802,193
u4183,193
u7423,192
u4752,192
u8437,192
u3308,191
u646,191
u7437,191
u5652,191
u3092,191
u7095,190
u3611,190
u884,190
u6351,190
u5771,189
u9000,189
u7089,189
u1106,189
u5668,189
u8088,189
u8197,188
u7343,188
u4592,188
u8950,187
u5545,187
u3794,186
u5496,186
u6532,185
u5394,185
u7573,185
u7088,185
u5138,184
u1859,184
u5800,184
u1784,184
u5522,184
u3891,183
u840,183
u4808,183
u4555,183
u7594,182
u1457,182
u3050,181
u6944,181
u3341,181
u3277,181
u1042,180
u6845,180
u4020,179
u525,179
u511,179
u5750,179
u5746,179
u1064,179
u8714,179
u5397,178
u695,178
u838,178
u7877,178
u5310,178
u1108,178
u7805,177
u6068,177
u8770,176
u6555,176
u4451,176
u1273,176
u7856,175
u8623,175
u7593,175
u2815,175
u3777,174
u6633,174
u7324,173
u8410,173
u4295,173
u8500,172
u7295,171
u362,171
u4631,171
u4710,171
u6896,171
u8467,171
u2415,171
u3273,170
u6208,170
u1152,170
u8674,170
u1319,170
u7037,169
u5524,169
u2688,169
u5243,169
u1005,169
u3604,169
u6114,168
u1184,168
u920,168
u1806,167
u1706,167
u915,166
u6098,166
u5891,166
u6523,165
u2847,165
u7227,165
u3801,165
u7237,164
u8065,164
u4192,164
u501,164
u5749,164
u6190,163
u4268,163
u6622,163
u3584,163
u7158,163
u7226,162
u8867,162
u1906,162
u676,162
u7319,161
u6204,161
u3843,161
u5526,161
u4630,160
u1405,160
u7940,159
u2452,159
u3819,159
u5615,158
u7366,158
u5951,158
u7965,158
u5074,158
u8262,157
u601,157
u4216,157
u6612,157
u5173,157
u6696,157
u387,157
u1463,157
u1510,156
u7580,156
u7042,156
u6095,155
u2105,155
u7932,155
u3656,155
u5,155
u3105,154
u6398,154
u6572,154
u1248,154
u532,154
u1748,154
u3012,153
u4997,153
u4091,153
u3829,153
u2557,153
u7683,152
u71,152
u4476,151
u7809,151
u224,151
u1846,151
u7676,150
u2371,150
u7055,150
u1642,150
u1696,150
u2980,150
u7384,149
u1479,149
u8545,149
u2621,149
u473,149
u5240,149
u7180,148
u7367,148
u7515,147
u4546,147
u7349,147
u1133,147
u1351,146
u8657,146
u1614,146
u3443,145
u4315,145
u7372,145
u7942,145
u3501,145
u6499,145
u8375,144
u6434,144
u820,144
u5859,144
u406,144
u3600,144
u5971,143
u1326,143
u7111,143
u4210,143
u8045,142
u2470,142
u492,142
u2010,142
u4732,142
u4434,141
u1804,141
u6770,141
u8808,141
u3390,141
u2253,141
u2484,141
u9,140
u6615,140
u4208,139
u3738,139
u8923,139
u4979,139
u4719,139
u7323,139
u7729,139
u4317,138
u84,138
u7938,138
u5820,138
u7123,137
u482,137
u8687,137
u3879,137
u7597,136
u2997,136
u5528,136
u921,136
u2618,136
u7576,136
u2271,136
u3644,136
u666,135
u1243,135
u7614,135
u5097,135
u8103,135
u8587,135
u7328,135
u8773,134
u7220,134
u6257,134
u3353,134
u4093,134
u7533,133
u7849,133
u1077,133
u4991,133
u7739,133
u2637,133
u2918,133
u5224,133
u8803,133
u1712,132
u5984,132
u5046,132
u7663,132
u237,132
u5495,132
u6251,132
u3599,132
u6009,131
u3204,131
u2036,131
u8965,131
u4096,131
u3157,131
u2675,131
u4896,131
u8428,131
u4704,131
u5144,129
u6109,129
u8401,129
u2629,129
u5611,129
u2575,129
u4647,129
u5099,128
u2532,128
u6378,128
u269,128
u6765,128
u580,128
u2481,128
u1163,128
u8938,128
u8259,128
u8462,127
u8186,127
u1858,127
u4121,127
u288,127
u6165,127
u34,127
u2595,126
u2462,126
u8261,126
u3345,126
u6953,126
u1086,126
u4325,126
u3767,126
u980,126
u5051,126
u5741,125
u5201,125
u7072,125
u1883,125
u2157,124
u6664,124
u8624,124
u1087,124
u2209,124
u8475,124
u29,123
u8631,123
u3311,123
u515,123
u5684,123
u4162,122
u6737,122
u8443,122
u1413,122
u2876,121
u8171,121
u1420,121
u2521,121
u7206,121
u7381,121
u421,121
u4407,121
u8879,120
u1594,120
u1307,120
u2506,120
u1306,120
u1116,120
u5591,120
u6593,119
u1210,119
u956,119
u6817,119
u5821,119
u1172,119
u3520,119
u8285,119
u5678,118
u6112,118
u3058,118
u3117,118
u6548,118
u3979,118
u2768,118
u6583,118
u16,118
u6777,118
u1195,118
u1188,118
u5840,118
u3642,117
u2596,117
u8697,117
u502,117
u1191,117
u3545,116
u5976,116
u5313,116
u2786,116
u553,116
u571,116
u2205,116
u2144,115
u3980,115
u8598,115
u664,115
u7460,114
u1758,114
u4737,114
u3766,114
u4785,114
u4112,114
u7399,113
u3648,113
u3525,113
u3518,113
u1468,113
u5216,113
u7786,113
u3182,113
u2894,113
u7619,113
u6706,113
u895,113
u1755,112
u3468,112
u5616,112
u2289,112
u4790,112
u6659,112
u6829,112
u3934,112
u2746,112
u2320,112
u4934,111
u8355,111
u6379,111
u6259,111
u4667,111
u8034,111
u585,111
u5986,111
u665,111
u888,111
u7637,110
u2692,110
u8937,110
u3216,110
u6134,110
u7440,110
u7057,110
u3154,109
u8916,109
u6127,109
u6742,109
u6420,109
u4548,109
u8198,109
u4540,109
u1894,109
u4029,109
u6012,109
u2394,109
u2256,108
u3725,108
u8170,108
u2851,108
u30,108
u5923,107
u6019,107
u8768,107
u740,107
u8797,107
u3532,107
u7878,107
u3225,107
u1663,107
u8211,106
u6393,106
u7017,106
u7926,106
u8762,106
u2350,106
u247,106
u2389,105
u5691,105
u2762,105
u5054,105
u2544,105
u5015,105
u1639,105
u8131,105
u4821,105
u8666,104
u3034,104
u6163,104
u3572,104
u5489,104
u2360,104
u2299,104
u1313,104
u3122,104
u6626,104
u3961,104
u1308,104
u276,104
u6704,103
u7702,103
u1530,103
u7824,103
u4032,103
u9019,103
u3973,103
u1679,103
u2848,102
u567,102
u6480,102
u2564,102
u3495,102
u935,102
u2657,102
u5933,102
u3073,102
u3998,102
u8675,101
u2045,101
u8985,101
u7177,101
u447,101
u765,101
u832,101
u452,101
u8959,101
u5958,100
u613,100
u4222,100
u6455,100
u8046,100
u4658,100
u7761,100
u6435,100
u8455,100
u5302,100
u7831,100
u1788,100
u498,100
u8914,100
u6269,99
u6522,99
u8945,99
u7800,99
u6889,99
u2215,99
u3303,99
u5177,99
u1213,99
u4831,99
u2124,99
u1730,98
u1456,98
u1245,98
u7986,98
u7730,98
u1394,98
u2485,98
u3456,98
u8732,98
u0,98
u8802,98
u6878,98
u8885,98
u7160,98
u8919,98
u7492,98
u3020,97
u5925,97
u8761,97
u4758,97
u4415,97
u5265,97
u3956,97
u6347,97
u2632,97
u2586,97
u3970,96
u1190,96
u6715,96
u5467,96
u1898,96
u8836,96
u3605,96
u2199,96
u7173,96
u3215,96
u169,96
u6256,96
u2617,96
u6568,96
u8059,95
u4688,95
u7884,95
u6712,95
u7870,95
u7927,95
u4310,95
u6771,94
u2200,94
u1934,94
u6947,94
u8123,94
u1088,94
u7956,94
u3569,94
u2018,94
u3866,94
u594,93
u4507,93
u6808,93
u6289,93
u5930,93
u6527,93
u5606,93
u218,93
u7424,92
u5795,92
u2061,92
u897,92
u1389,92
u3488,92
u8292,92
u1725,92
u3293,92
u1041,92
u5218,92
u7569,92
u2012,92
u7175,92
u2041,92
u3517,92
u1262,92
u8728,92
u7979,92
u1241,92
u3986,91
u6581,91
u997,91
u7307,91
u2162,91
u4090,91
u557,91
u7238,91
u3787,91
u5120,91
u8717,91
u1890,91
u8469,91
u7978,90
u6454,90
u3849,90
u5540,90
u2967,90
u5768,90
u1904,90
u6217,90
u1649,90
u6157,90
u1294,90
u1703,89
u6754,89
u2461,89
u7148,89
u8960,89
u3129,89
u8980,89
u4386,89
u2327,88
u691,88
u8419,88
u8096,88
u7060,88
u4081,88
u4086,88
u5581,88
u4751,88
u7074,88
u5843,88
u8391,88
u6020,88
u5382,88
u2412,88
u1674,87
u2789,87
u3178,87
u2078,87
u1069,87
u7542,87
u4459,87
u8213,87
u7010,87
u2436,87
u478,87
u5640,86
u7970,86
u623,86
u5179,86
u2751,86
u2550,86
u6149,86
u7770,86
u1356,86
u6180,86
u8424,86
u5125,86
u1596,86
u2906,85
u377,85
u4819,85
u8208,85
u1078,85
u5305,85
u2220,85
u6890,85
u6443,85
u8611,85
u7510,84
u1034,84
u8524,84
u6011,84
u8273,84
u123,84
u7327,84
u1363,84
u337,84
u4522,84
u2352,84
u4174,84
u8899,84
u2569,84
u1728,83
u1794,83
u5062,83
u6567,83
u8776,83
u7754,83
u887,83
u8602,83
u2957,83
u4620,83
u3168,83
u6660,82
u5726,82
u4312,82
u308,82
u3842,82
u3302,82
u6975,82
u5719,82
u2542,82
u7994,82
u5682,82
u1992,82
u7264,82
u2817,82
u592,82
u4681,81
u2820,81
u2421,81
u4776,81
u312,81
u7944,81
u3582,81
u8570,81
u297,80
u1675,80
u796,80
u5874,80
u1120,80
u8889,80
u4999,80
u7814,79
u751,79
u8072,79
u6101,79
u5281,79
u2034,79
u6608,79
u3049,79
u6459,79
u650,79
u2477,79
u6913,79
u7234,79
u8715,79
u890,79
u5211,79
u5937,79
u596,79
u5918,78
u6741,78
u1395,78
u2,78
u7667,78
u3379,78
u3025,78
u4420,78
u4846,78
u8077,78
u1672,77
u6143,77
u1404,77
u2489,77
u8203,77
u2592,77
u7000,77
u2467,77
u4030,77
u4623,77
u1025,77
u4500,77
u4907,77
u3201,77
u8931,77
u5856,77
u3717,77
u5483,76
u7546,76
u8725,76
u5829,76
u1891,76
u4201,76
u4498,76
u5355,76
u2803,76
u4130,76
u8095,76
u6280,76
u3248,76
u4515,76
u2737,76
u8372,75
u7750,75
u1632,75
u6611,75
u4726,75
u3574,75
u2673,75
u697,75
u8536,75
u8394,75
u8909,75
u5999,75
u1132,74
u135,74
u6576,74
u2895,74
u3145,74
u4240,74
u8119,74
u6279,74
u8712,74
u2287,74
u7779,74
u6166,74
u3090,74
u4988,74
u6502,74
u7394,74
u6456,74
u8688,74
u9020,74
u5078,73
u8764,73
u916,73
u8033,73
u715,73
u6587,73
u6743,73
u6110,73
u6880,73
u7026,73
u3833,73
u904,72
u6469,72
u7502,72
u7662,72
u7516,72
u3593,72
u1036,72
u2889,72
u8622,72
u7748,72
u2414,72
u4028,72
u8124,72
u4839,72
u2416,72
u6365,72
u5100,72
u3186,71
u7650,71
u3664,71
u480,71
u4707,71
u1392,71
u1003,71
u8315,71
u8440,71
u4718,71
u4286,71
u1327,71
u180,71
u6851,71
u6430,71
u7608,71
u7998,71
u1947,71
u4071,70
u3504,70
u7354,70
u7101,70
u6987,70
u522,70
u8484,70
u8912,70
u3417,70
u3059,70
u7635,70
u6553,70
u5226,70
u2309,70
u8377,70
u7928,70
u4046,70
u4693,70
u420,70
u7503,70
u3213,70
u8130,70
u1918,69
u4412,69
u8954,69
u3316,69
u1641,69
u2134,69
u1435,69
u4642,69
u6294,69
u7311,69
u8752,69
u910,69
u4807,69
u1155,69
u8994,68
u4929,68
u3923,68
u193,68
u1652,68
u7586,68
u781,68
u4859,68
u4874,68
u862,68
u3710,68
u5327,68
u7484,68
u4605,68
u2387,68
u2379,68
u3091,68
u4411,68
u1597,68
u3180,68
u2476,68
u8286,68
u275,68
u5803,67
u2448,67
u4288,67
u5323,67
u1261,67
u1150,67
u2578,67
u2386,67
u5338,67
u7099,67
u1698,67
u6652,67
u2943,67
u3235,67
u8637,67
u7280,67
u2305,67
u1368,67
u3669,67
u2503,67
u4782,66
u4263,66
u4239,66
u3882,66
u2137,66
u7621,66
u4972,66
u8084,66
u6775,66
u8004,66
u287,66
u8236,66
u3667,66
u2940,66
u1654,66
u1305,66
u7792,66
u1381,66
u7470,65
u5942,65
u7277,65
u7517,65
u3367,65
u3270,65
u5130,65
u2888,65
u4358,65
u3124,65
u4900,65
u7149,65
u1223,65
u3102,65
u6033,65
u4012,65
u3935,65
u344,65
u4996,65
u7624,65
u7413,64
u2800,64
u3299,64
u6031,64
u6537,64
u7777,64
u6468,64
u2850,64
u7491,64
u3583,64
u2516,64
u869,64
u251,64
u5914,64
u4428,64
u5232,63
u8740,63
u4682,63
u8476,63
u7696,63
u5695,63
u3571,63
u3072,63
u4475,63
u7504,63
u393,63
u7548,63
u5182,63
u6150,63
u2671,63
u8398,63
u2435,63
u5319,63
u3405,63
u8533,63
u741,63
u4188,63
u5296,63
u7925,63
u6220,63
u6188,63
u7816,63
u7497,62
u6267,62
u6449,62
u5924,62
u3711,62
u6332,62
u4969,62
u7879,62
u7426,62
u353,62
u6740,62
u3425,62
u8141,62
u4740,62
u5048,62
u7867,62
u4672,62
u4857,62
u6125,62
u5805,62
u5946,62
u2351,62
u4464,62
u2341,62
u7,62
u4408,62
u818,61
u1574,61
u3098,61
u6181,61
u8506,61
u1429,61
u2852,61
u8162,61
u6145,61
u8523,61
u2538,61
u5568,61
u4812,61
u7697,61
u4547,61
u899,61
u8472,61
u877,61
u5220,61
u7557,61
u441,61
u2572,60
u6698,60
u6481,60
u7934,60
u7983,60
u8207,60
u5996,60
u78,60
u2127,60
u6305,60
u733,60
u1668,60
u8588,60
u5312,60
u6801,60
u2310,60
u730,60
u7900,60
u766,60
u5001,60
u4092,60
u1388,60
u8862,60
u8284,60
u3805,60
u3568,59
u8406,59
u68,59
u2804,59
u1877,59
u3162,59
u1714,59
u3112,59
u4754,59
u4636,59
u7633,59
u1685,59
u4168,59
u8027,59
u8968,59
u7898,59
u1138,59
u669,58
u4099,58
u4376,58
u2526,58
u6079,58
u8470,58
u4467,58
u8685,58
u5661,58
u8516,58
u540,58
u8038,58
u1768,58
u142,58
u6981,58
u2612,58
u1349,58
u2638,58
u2747,58
u50,58
u3074,58
u5979,58
u2275,58
u2583,58
u1049,57
u6054,57
u2496,57
u5804,57
u5943,57
u7333,57
u5043,57
u7245,57
u785,57
u8891,57
u7950,57
u4103,57
u4749,57
u7249,57
u5289,57
u2871,57
u682,57
u8918,57
u4651,57
u7847,57
u5585,57
u2368,57
u8671,56
u8521,56
u4833,56
u2466,56
u3220,56
u1019,56
u4788,56
u886,56
u3132,56
u3198,56
u55,56
u1720,56
u914,56
u7409,56
u166,56
u6773,56
u7843,56
u349,56
u7821,56
u8991,56
u367,56
u7863,56
u4797,55
u5785,55
u1640,55
u6747,55
u2208,55
u3912,55
u2423,55
u893,55
u7255,55
u8230,55
u7303,55
u2923,55
u4060,55
u3104,55
u432,55
u5594,55
u3944,55
u4105,55
u901,55
u5214,55
u7370,55
u6539,54
u7121,54
u8786,54
u115,54
u6029,54
u7617,54
u5722,54
u8040,54
u2547,54
u2551,54
u700,54
u1782,54
u108,54
u4816,54
u7330,54
u4551,54
u1670,54
u2068,54
u7629,54
u3007,54
u1299,54
u2120,54
u2838,54
u6107,54
u4914,53
u3511,53
u4601,53
u1958,53
u5221,53
u8018,53
u6843,53
u7684,53
u8332,53
u299,53
u6375,53
u5548,53
u7294,53
u8164,53
u1629,53
u7116,53
u3366,53
u7920,53
u2163,53
u2509,53
u6865,53
u8563,53
u4829,53
u6789,53
u4860,53
u3990,53
u7073,53
u2221,53
u641,53
u4494,53
u1961,52
u6632,52
u6426,52
u3916,52
u6278,52
u2554,52
u4470,52
u3791,52
u336,52
u1149,52
u4039,52
u8104,52
u5437,52
u8698,52
u1377,52
u7112,52
u962,52
u8067,52
u1691,52
u8321,52
u5098,51
u6613,51
u2674,51
u2151,51
u6416,51
u1661,51
u839,51
u6297,51
u2705,51
u417,51
u5822,51
u931,51
u6318,51
u3752,51
u5838,51
u6544,51
u2644,51
u2716,51
u6404,51
u6619,51
u4520,51
u529,51
u2893,51
u3566,51
u6169,51
u2411,51
u4622,51
u8066,51
u3284,51
u8604,51
u2775,51
u6756,51
u7314,51
u6490,51
u3952,51
u1558,51
u5151,51
u6074,51
u2218,51
u7658,51
u5145,51
u6646,51
u983,51
u292,51
u8020,51
u105,51
u3695,50
u5525,50
u5919,50
u4940,50
u8180,50
u8851,50
u7260,50
u2064,50
u198,50
u4202,50
u7144,50
u7428,50
u2878,50
u7853,50
u504,50
u3250,50
u7165,50
u8548,50
u972,50
u6919,50
u7674,50
u5783,50
u6027,50
u3485,50
u306,50
u233,50
u1699,50
u6951,50
u5252,50
u2022,50
u7078,49
u1951,49
u1957,49
u7118,49
u2460,49
u60,49
u6755,49
u2951,49
u7063,49
u2408,49
u4898,49
u885,49
u6026,49
u8049,49
u775,49
u294,49
u768,49
u612,49
u7169,49
u8782,49
u7988,49
u4795,49
u5538,49
u7673,49
u520,49
u3654,49
u485,49
u1415,49
u6714,48
u7762,48
u2636,48
u6800,48
u1502,48
u5287,48
u4356,48
u2650,48
u7418,48
u2812,48
u6103,48
u2419,48
u2600,48
u6066,48
u8295,48
u5447,48
u7937,48
u7860,48
u7468,48
u1409,48
u5703,48
u611,48
u7796,48
u3579,48
u2392,48
u6909,48
u7156,48
u6488,47
u643,47
u4011,47
u7229,47
u3466,47
u3476,47
u2982,47
u392,47
u8834,47
u638,47
u1993,47
u3055,47
u3239,47
u1117,47
u2004,47
u7145,47
u7141,47
u7469,47
u5917,47
u3581,47
u1424,47
u4531,47
u8362,47
u2892,47
u7490,47
u7506,47
u8904,47
u7130,47
u6159,47
u3729,47
u3380,47
u2593,47
u8777,46
u403,46
u5718,46
u4875,46
u5735,46
u3640,46
u1396,46
u8546,46
u3918,46
u6642,46
u827,46
u5773,46
u2073,46
u483,46
u6606,46
u5849,46
u147,46
u4843,46
u7921,46
u3287,46
u3414,46
u7374,46
u3243,46
u2422,46
u3461,46
u4666,46
u2214,46
u8026,46
u4733,46
u3398,46
u8749,46
u2365,46
u3259,46
u6173,46
u3150,46
u326,46
u3437,46
u2286,46
u2267,46
u6733,46
u3256,46
u863,45
u6991,45
u144,45
u3810,45
u4462,45
u143,45
u7422,45
u4311,45
u3932,45
u1131,45
u5716,45
u8397,45
u6961,45
u4181,45
u1161,45
u6701,45
u4781,45
u5644,45
u7472,45
u6373,45
u7931,45
u6010,45
u6096,45
u322,45
u214,45
u6526,45
u1561,45
u3765,45
u3189,45
u7962,45
u3340,45
u8990,45
u1430,45
u4218,44
u2265,44
u2297,44
u976,44
u7531,44
u6864,44
u1401,44
u971,44
u6968,44
u810,44
u4000,44
u5037,44
u1452,44
u8074,44
u1990,44
u363,44
u2609,44
u2374,44
u6818,44
u4383,44
u6160,44
u8628,44
u3731,44
u7801,44
u7894,44
u4721,44
u735,44
u998,44
u3878,44
u7582,44
u2401,44
u4663,44
u9015,44
u41,43
u5487,43
u2916,43
u5253,43
u1164,43
u6039,43
u8322,43
u6226,43
u6447,43
u6855,43
u2272,43
u2290,43
u2482,43
u2288,43
u4262,43
u7204,43
u4307,43
u1010,43
u5222,43
u5223,43
u5273,43
u4445,43
u6914,43
u3594,43
u1868,43
u1222,43
u4892,43
u3823,43
u7572,43
u3720,43
u4863,43
u4963,43
u1283,43
u3899,43
u854,43
u5938,43
u2141,43
u6969,43
u5676,43
u686,43
u542,43
u4045,43
u5628,43
u5067,43
u5841,42
u6337,42
u4409,42
u4076,42
u7641,42
u7997,42
u7004,42
u3464,42
u5758,42
u8702,42
u6344,42
u6471,42
u3241,42
u5851,42
u3338,42
u11,42
u7022,42
u4104,42
u4915,42
u5612,42
u7031,42
u3042,42
u1630,42
u6986,42
u4197,42
u1991,42
u4193,42
u8196,42
u3983,42
u3153,42
u3629,42
u8564,42
u879,42
u516,42
u8487,42
u4593,42
u712,42
u2480,42
u6672,42
u7331,42
u8679,42
u3917,42
u8173,42
u6168,41
u5055,41
u2239,41
u6199,41
u930,41
u7155,41
u4524,41
u3324,41
u8947,41
u8041,41
u6285,41
u109,41
u4195,41
u7735,41
u138,41
u5728,41
u3543,41
u2765,41
u8465,41
u7769,41
u3715,41
u3706,41
u5400,41
u2464,41
u1447,41
u2442,41
u5511,41
u8634,41
u7980,41
u6637,41
u2627,41
u1317,41
u1291,41
u497,41
u8617,41
u4043,40
u2112,40
u5982,40
u3982,40
u8201,40
u5931,40
u1862,40
u2490,40
u1379,40
u3217,40
u2325,40
u3930,40
u6971,40
u2760,40
u4725,40
u2748,40
u2937,40
u4395,40
u2777,40
u6974,40
u4396,40
u674,40
u171,40
u6787,40
u3857,40
u4887,40
u7434,40
u5197,40
u8450,40
u5292,40
u718,40
u7893,40
u6474,40
u5366,40
u5373,40
u6628,40
u3513,40
u6075,40
u5399,40
u2903,40
u5440,40
u4553,40
u42,40
u9006,40
u4985,39
u3123,39
u3675,39
u5901,39
u6330,39
u5514,39
u3142,39
u3981,39
u7701,39
u4378,39
u4435,39
u3407,39
u6846,39
u7208,39
u7717,39
u2295,39
u2799,39
u7223,39
u5410,39
u7500,39
u2899,39
u2449,39
u5456,39
u6205,39
u5451,39
u6231,39
u4635,39
u7389,39
u4080,39
u4055,39
u2932,39
u4746,39
u6678,39
u2651,39
u3494,39
u985,39
u1345,39
u1741,39
u927,39
u110,39
u1176,39
u822,39
u8933,39
u8607,39
u1236,39
u8831,39
u849,39
u8414,39
u331,39
u514,39
u1852,39
u152,39
u8747,38
u9001,38
u1747,38
u6954,38
u7202,38
u8742,38
u3391,38
u85,38
u4178,38
u5488,38
u2966,38
u573,38
u1928,38
u8015,38
u4847,38
u3412,38
u2919,38
u6158,38
u1021,38
u8244,38
u6197,38
u6196,38
u3005,38
u3596,38
u8117,38
u8137,38
u6599,38
u56,38
u4668,38
u5433,38
u4945,38
u2104,38
u5389,38
u3746,38
u1372,38
u3210,38
u438,38
u1572,38
u230,38
u5577,38
u7720,38
u8759,38
u8081,38
u5105,38
u2473,38
u1081,38
u7612,38
u7908,37
u5422,37
u1455,37
u5304,37
u6858,37
u1473,37
u3864,37
u6758,37
u4653,37
u2015,37
u7603,37
u4778,37
u1885,37
u3601,37
u2999,37
u6438,37
u2276,37
u4803,37
u4,37
u2060,37
u5702,37
u3919,37
u1380,37
u1384,37
u1427,37
u3663,37
u4609,37
u4998,37
u6028,37
u383,37
u1410,37
u1100,37
u5378,37
u7023,37
u6317,37
u3224,37
u4114,37
u5541,37
u4141,37
u4809,37
u261,37
u5570,37
u8876,37
u5929,37
u6464,37
u848,37
u3077,37
u7305,37
u8988,37
u1552,37
u8799,37
u6387,37
u252,37
u7029,37
u323,36
u2183,36
u7728,36
u803,36
u5057,36
u4558,36
u1913,36
u5744,36
u2494,36
u7135,36
u2192,36
u3352,36
u8048,36
u5690,36
u681,36
u821,36
u6691,36
u2213,36
u5806,36
u6623,36
u1189,36
u4722,36
u1839,36
u3140,36
u2843,36
u6412,36
u5881,36
u4626,36
u7412,36
u1715,36
u1662,36
u8358,36
u4794,36
u2975,36
u7147,36
u6557,36
u4194,36
u2974,35
u5438,35
u7913,35
u5129,35
u4575,35
u7975,35
u6782,35
u6785,35
u3152,35
u5584,35
u5425,35
u867,35
u8979,35
u5116,35
u2405,35
u739,35
u1925,35
u2363,35
u6520,35
u2366,35
u4640,35
u3523,35
u6242,35
u2935,35
u3703,35
u1592,35
u2718,35
u494,35
u3965,35
u5036,35
u5761,35
u5737,35
u4943,35
u1008,35
u1050,35
u128,35
u130,35
u792,35
u6665,35
u5754,35
u2690,35
u4348,35
u1779,35
u1068,34
u100,34
u8468,34
u4649,34
u6424,34
u856,34
u1037,34
u3013,34
u8151,34
u6543,34
u103,34
u3008,34
u7086,34
u3988,34
u7190,34
u2499,34
u2486,34
u4661,34
u7052,34
u5879,34
u5792,34
u8086,34
u3232,34
u2710,34
u4771,34
u7265,34
u3276,34
u481,34
u5575,34
u7715,34
u8589,34
u6574,34
u1881,34
u1646,34
u132,34
u4689,34
u4058,34
u8580,34
u622,34
u5733,34
u3745,34
u7659,34
u8800,34
u6117,34
u5026,34
u6906,34
u3883,34
u7513,34
u6146,34
u3813,34
u6156,34
u2042,33
u6291,33
u3724,33
u5592,33
u6293,33
u3254,33
u1062,33
u2835,33
u7901,33
u4763,33
u3500,33
u7461,33
u1054,33
u953,33
u8682,33
u1040,33
u1803,33
u756,33
u1277,33
u4958,33
u2645,33
u1524,33
u1620,33
u1525,33
u5623,33
u1765,33
u4504,33
u5360,33
u737,33
u7153,33
u7630,33
u2109,33
u5932,33
u619,33
u257,33
u710,33
u2001,33
u1035,33
u7016,33
u1361,33
u1422,33
u2040,33
u1375,33
u5586,33
u3533,33
u6218,33
u8805,33
u1119,33
u7521,33
u1442,33
u2993,33
u4290,33
u4305,33
u7905,33
u7288,33
u1235,33
u7904,33
u8556,33
u6932,33
u7039,33
u3957,33
u4267,33
u7974,33
u27,33
u231,33
u451,32
u988,32
u2493,32
u5357,32
u5300,32
u6797,32
u1517,32
u69,32
u2108,32
u8748,32
u4805,32
u7518,32
u1901,32
u3764,32
u2589,32
u4213,32
u7083,32
u8272,32
u8893,32
u7768,32
u5712,32
u9004,32
u6654,32
u8872,32
u3197,32
u5970,32
u8801,32
u6008,32
u7341,32
u3413,32
u6303,32
u8107,32
u388,32
u8014,32
u3588,32
u4612,32
u4438,32
u6886,32
u1450,32
u5146,32
u2270,32
u2326,32
u3709,32
u401,32
u707,32
u6076,32
u2292,32
u8345,32
u8539,32
u7868,32
u6323,32
u6439,32
u3674,32
u8431,31
u8966,31
u2082,31
u8553,31
u3163,31
u706,31
u2884,31
u3226,31
u523,31
u3164,31
u6542,31
u3173,31
u2721,31
u5152,31
u5706,31
u6976,31
u3567,31
u7417,31
u2487,31
u121,31
u2995,31
u5073,31
u5104,31
u3592,31
u3924,31
u2907,31
u7056,31
u7191,31
u5461,31
u2202,31
u4272,31
u4538,31
u797,31
u6739,31
u1617,31
u3314,31
u1996,31
u2971,31
u3342,31
u5427,31
u4089,31
u7791,31
u3858,31
u5769,31
u1922,31
u6492,31
u4111,31
u5117,31
u6837,31
u2123,31
u4084,31
u8668,31
u1634,31
u3871,31
u7258,31
u2807,31
u570,31
u3028,31
u1225,31
u155,31
u3708,31
u1127,31
u1834,31
u5981,31
u6381,31
u2130,31
u236,31
u6299,31
u6363,31
u6641,30
u7598,30
u2788,30
u7094,30
u3033,30
u8970,30
u2933,30
u5049,30
u1656,30
u5432,30
u5441,30
u5460,30
u851,30
u8855,30
u878,30
u1311,30
u3344,30
u4716,30
u6340,30
u416,30
u7316,30
u8663,30
u6353,30
u1202,30
u3922,30
u3816,30
u6945,30
u3925,30
u4692,30
u8436,30
u3442,30
u2682,30
u266,30
u7840,30
u3926,30
u1948,30
u6015,30
u544,30
u1032,30
u1398,30
u3536,30
u4596,30
u7181,30
u3577,30
u8311,30
u4107,30
u7698,30
u437,30
u4261,30
u3207,30
u4241,30
u1118,30
u2240,30
u4251,30
u3219,30
u1125,30
u446,30
u8579,30
u6130,30
u4200,30
u6428,30
u8552,30
u2483,30
u3258,30
u3755,30
u1539,30
u8359,30
u6123,30
u8050,30
u7139,30
u714,30
u4134,30
u4338,30
u668,30
u3976,29
u2599,29
u4902,29
u493,29
u3892,29
u7306,29
u4903,29
u7464,29
u5729,29
u6432,29
u8146,29
u4125,29
u4306,29
u663,29
u1107,29
u116,29
u1135,29
u5244,29
u1061,29
u4148,29
u4401,29
u1045,29
u8147,29
u2802,29
u7248,29
u5991,29
u4040,29
u8509,29
u7080,29
u7833,29
u2879,29
u7845,29
u2836,29
u3753,29
u1791,29
u1836,29
u6854,29
u1616,29
u1900,29
u8005,29
u8974,29
u8460,29
u4769,29
u1907,29
u1436,29
u6814,29
u3330,29
u7030,29
u855,29
u1653,29
u8591,29
u5063,29
u1953,29
u2334,29
u3704,29
u7126,29
u5406,29
u6148,29
u2263,29
u3187,29
u7122,29
u2447,29
u3208,29
u1635,29
u3618,29
u3138,29
u3001,29
u3233,29
u3238,28
u6328,28
u4425,28
u4791,28
u3362,28
u232,28
u1177,28
u2741,28
u3200,28
u8083,28
u2766,28
u244,28
u5894,28
u6560,28
u7298,28
u3378,28
u3828,28
u8639,28
u6090,28
u3728,28
u6063,28
u7923,28
u2984,28
u3712,28
u1373,28
u1390,28
u8144,28
u1024,28
u1418,28
u4654,28
u5765,28
u4657,28
u6592,28
u6307,28
u7146,28
u1735,28
u258,28
u6001,28
u5998,28
u8168,28
u1218,28
u505,28
u7252,28
u395,28
u4328,28
u2197,28
u2541,28
u5362,28
u2656,28
u6796,28
u5195,28
u1915,28
u5322,28
u1856,28
u2497,28
u645,28
u2507,28
u8228,28
u8325,28
u642,28
u2102,28
u7059,28
u2330,28
u2610,28
u2176,28
u2003,28
u2573,28
u7047,28
u9023,27
u6577,27
u7556,27
u2224,27
u3827,27
u6450,27
u5781,27
u6451,27
u4037,27
u755,27
u6970,27
u5516,27
u3781,27
u1995,27
u1201,27
u5404,27
u8626,27
u8179,27
u2896,27
u743,27
u4770,27
u3714,27
u8561,27
u4867,27
u5411,27
u2635,27
u8638,27
u6930,27
u846,27
u1843,27
u3943,27
u2849,27
u6515,27
u7106,27
u5928,27
u191,27
u7589,27
u7678,27
u8534,27
u1274,27
u2026,27
u8719,27
u3913,27
u6384,27
u8640,27
u7675,27
u6927,27
u3873,27
u7889,27
u5481,27
u1173,27
u2304,27
u734,27
u2054,27
u7021,27
u4709,27
u2388,27
u1797,27
u7952,27
u6830,27
u1434,27
u1955,27
u3639,27
u2037,27
u2296,27
u5365,27
u8870,27
u1772,27
u2654,27
u3613,27
u461,27
u3633,27
u7632,27
u5848,27
u5140,27
u519,27
u3529,27
u8892,27
u5766,26
u6570,26
u8614,26
u1497,26
u3920,26
u6964,26
u3589,26
u8126,26
u967,26
u1187,26
u4176,26
u3126,26
u4387,26
u5419,26
u4379,26
u7996,26
u8700,26
u6506,26
u5428,26
u3516,26
u2331,26
u4133,26
u5241,26
u7782,26
u1949,26
u3009,26
u4128,26
u6035,26
u419,26
u5454,26
u151,26
u5559,26
u8221,26
u824,26
u7694,26
u4013,26
u7725,26
u537,26
u8306,26
u1523,26
u4987,26
u7213,26
u6164,26
u3339,26
u31,26
u3652,26
u708,26
u3699,26
u8860,26
u8177,26
u1886,26
u1585,26
u631,26
u7377,26
u3214,26
u8439,26
u1310,26
u5318,26
u7217,26
u7476,26
u2796,26
u4377,26
u7897,26
u2756,26
u2293,25
u2428,25
u8418,25
u5186,25
u19,25
u8840,25
u6897,25
u3228,25
u2987,25
u8864,25
u7210,25
u8246,25
u341,25
u3732,25
u1330,25
u90,25
u320,25
u334,25
u721,25
u5697,25
u4767,25
u5127,25
u1577,25
u1462,25
u8492,25
u5024,25
u8743,25
u8039,25
u3775,25
u1239,25
u8280,25
u3131,25
u5677,25
u8917,25
u3868,25
u2429,25
u3607,25
u1279,25
u7224,25
u853,25
u4697,25
u5342,25
u4521,25
u4603,25
u3937,25
u3941,25
u8609,25
u4844,25
u5667,25
u2188,25
u3655,25
u8304,25
u1321,25
u5745,25
u2549,25
u186,25
u3408,25
u36,25
u991,25
u2274,25
u539,25
u1790,25
u24,25
u5825,25
u7454,25
u8900,25
u6,25
u2704,25
u4925,25
u9010,25
u4139,25
u1736,25
u5297,25
u6694,25
u6489,24
u2384,24
u2972,24
u7943,24
u8161,24
u8432,24
u5699,24
u2504,24
u3662,24
u912,24
u7677,24
u1591,24
u5561,24
u1680,24
u8333,24
u6301,24
u5343,24
u6657,24
u7579,24
u1092,24
u5900,24
u26,24
u8910,24
u5004,24
u459,24
u5782,24
u5443,24
u4284,24
u871,24
u375,24
u3888,24
u4495,24
u4724,24
u5228,24
u2991,24
u197,24
u2519,24
u760,24
u2515,24
u864,24
u6556,24
u5767,24
u2711,24
u928,24
u2125,24
u6757,24
u3796,24
u2839,24
u3037,24
u8003,24
u1417,24
u2720,24
u1112,24
u6675,24
u3512,24
u8478,24
u1467,24
u509,24
u8357,24
u7320,24
u880,24
u7150,24
u5408,24
u3282,24
u1554,24
u5033,24
u2934,24
u6877,24
u3951,24
u8692,24
u2066,24
u2393,24
u2841,24
u3183,24
u6920,24
u5725,24
u8813,24
u8021,24
u7478,24
u2074,24
u6341,24
u989,24
u1454,24
u4753,24
u5331,24
u4291,23
u6214,23
u2101,23
u4472,23
u1057,23
u6825,23
u4826,23
u8924,23
u3067,23
u7222,23
u5500,23
u2024,23
u1059,23
u5421,23
u4569,23
u1762,23
u3793,23
u8964,23
u2749,23
u882,23
u7293,23
u8573,23
u4711,23
u1070,23
u450,23
u2783,23
u5603,23
u8062,23
u7919,23
u3192,23
u5194,23
u7352,23
u1871,23
u2646,23
u8471,23
u5172,23
u1867,23
u2438,23
u2797,23
u5409,23
u1004,23
u4956,23
u3672,23
u3658,23
u7891,23
u8689,23
u2844,23
u593,23
u6749,23
u3387,23
u5953,23
u5962,23
u7289,23
u3021,23
u2175,23
u8215,23
u6943,23
u5142,23
u6024,23
u7093,23
u1238,23
u4418,23
u7044,23
u8216,23
u2680,23
u5952,23
u4890,23
u4931,23
u7992,23
u4424,23
u3003,23
u7487,23
u4895,23
u2378,23
u4156,23
u8387,23
u1805,23
u4645,23
u2904,23
u6248,23
u3026,23
u5995,23
u2968,23
u1228,23
u8676,23
u7364,23
u9007,23
u6032,23
u8680,23
u7727,23
u2977,23
u7968,23
u8340,23
u2580,23
u1066,22
u1786,22
u2945,22
u4212,22
u7773,22
u4366,22
u6174,22
u6431,22
u8527,22
u2873,22
u314,22
u6170,22
u1801,22
u1369,22
u5987,22
u5877,22
u1209,22
u4144,22
u8019,22
u4274,22
u3045,22
u8149,22
u2019,22
u3742,22
u1586,22
u7539,22
u1185,22
u2355,22
u5103,22
u1796,22
u6409,22
u591,22
u4255,22
u2261,22
u6283,22
u3222,22
u2753,22
u656,22
u630,22
u5291,22
u2016,22
u725,22
u2080,22
u2885,22
u4078,22
u6783,22
u286,22
u2357,22
u4233,22
u411,22
u2616,22
u4528,22
u7356,22
u6003,22
u5793,22
u6040,22
u7872,22
u7051,22
u3641,22
u2988,22
u7554,22
u6071,22
u6833,22
u2992,22
u119,22
u937,22
u5494,22
u7765,22
u8540,22
u4389,22
u1774,22
u4607,22
u3086,22
u1023,22
u3632,22
u7772,22
u6689,22
u7495,22
u2723,22
u6929,22
u2860,22
u1269,22
u3022,22
u5573,22
u7493,22
u3874,22
u5574,22
u4579,22
u8642,22
u9027,22
u8276,22
u1437,22
u717,22
u8541,22
u2324,22
u2099,22
u8441,22
u1295,22
u7100,22
u1778,22
u8316,22
u1267,22
u3119,22
u3143,22
u6185,22
u6688,22
u8297,21
u5372,21
u253,21
u4361,21
u8618,21
u6284,21
u3491,21
u1431,21
u1339,21
u1513,21
u5802,21
u7611,21
u8920,21
u7609,21
u3603,21
u5176,21
u7620,21
u6869,21
u2339,21
u6161,21
u8613,21
u457,21
u8054,21
u7972,21
u5811,21
u1793,21
u5643,21
u1529,21
u75,21
u9003,21
u8023,21
u8220,21
u6302,21
u4624,21
u7071,21
u1921,21
u1397,21
u6194,21
u6315,21
u8326,21
u3702,21
u106,21
u8031,21
u2400,21
u8299,21
u7315,21
u1355,21
u8795,21
u3313,21
u3809,21
u5245,21
u4453,21
u6617,21
u2647,21
u7068,21
u3972,21
u7828,21
u5512,21
u2953,21
u4873,21
u826,21
u2640,21
u4897,21
u4865,21
u8894,21
u1888,21
u6473,21
u5764,21
u99,21
u8427,21
u6082,21
u3118,21
u6073,21
u28,21
u2628,21
u3862,21
u6453,21
u833,21
u6446,21
u499,21
u6955,21
u35,21
u5578,21
u4391,21
u7862,21
u5978,21
u1204,21
u4392,21
u8951,21
u6059,21
u3772,21
u4655,21
u2614,21
u5523,21
u1048,21
u8496,21
u6893,21
u5230,21
u7251,21
u1194,21
u1831,21
u5552,21
u7514,21
u477,21
u3870,21
u4836,21
u1835,21
u4423,21
u2924,21
u2092,21
u5502,21
u1314,21
u8958,21
u1724,21
u5193,21
u3960,20
u2546,20
u4298,20
u8650,20
u6049,20
u7859,20
u6322,20
u6222,20
u4353,20
u262,20
u3985,20
u267,20
u8898,20
u7776,20
u3019,20
u3396,20
u7291,20
u425,20
u2917,20
u2367,20
u8330,20
u4318,20
u2928,20
u8140,20
u6260,20
u1687,20
u1472,20
u8526,20
u727,20
u2670,20
u7990,20
u8941,20
u5517,20
u1702,20
u8940,20
u7571,20
u3440,20
u5759,20
u4683,20
u4138,20
u8605,20
u2667,20
u6719,20
u3561,20
u4163,20
u7830,20
u6246,20
u8716,20
u6942,20
u5645,20
u7823,20
u8601,20
u8155,20
u2150,20
u1721,20
u1224,20
u91,20
u4835,20
u7668,20
u6415,20
u600,20
u3185,20
u4237,20
u6813,20
u6807,20
u4199,20
u6658,20
u5450,20
u1382,20
u7411,20
u3146,20
u3680,20
u3331,20
u6361,20
u8057,20
u7216,20
u4734,20
u6781,20
u2468,20
u806,20
u8572,20
u2742,20
u6717,20
u8385,20
u3822,20
u4954,20
u2225,20
u1297,20
u6802,20
u3081,20
u6767,20
u7301,20
u8229,20
u7351,20
u8100,20
u8312,20
u6872,20
u4986,20
u5834,20
u8693,20
u2782,20
u3096,20
u6898,20
u3906,20
u746,20
u6972,20
u993,20
u4560,20
u1978,20
u7166,19
u6888,19
u7906,19
u4564,19
u355,19
u658,19
u7275,19
u2119,19
u2072,19
u18,19
u4244,19
u4634,19
u445,19
u5794,19
u4641,19
u7795,19
u5949,19
u634,19
u8615,19
u7760,19
u3646,19
u1284,19
u7747,19
u7001,19
u4161,19
u6189,19
u1252,19
u3901,19
u4492,19
u2187,19
u629,19
u723,19
u4171,19
u4287,19
u4180,19
u3936,19
u6069,19
u3869,19
u2146,19
u982,19
u4215,19
u5333,19
u1217,19
u7247,19
u5997,19
u5807,19
u3939,19
u8809,19
u7982,19
u4512,19
u6875,19
u7895,19
u7274,19
u4198,19
u1165,19
u5826,19
u6178,19
u2772,19
u7558,19
u5092,19
u745,19
u6639,19
u4660,19
u8493,19
u8063,19
u5457,19
u2866,19
u4926,19
u7526,19
u2970,19
u3234,19
u6816,19
u4793,19
u8035,19
u3209,19
u3024,19
u3327,19
u6300,19
u7075,19
u6620,19
u6326,19
u3318,19
u1851,19
u783,19
u918,19
u4899,19
u2514,19
u153,19
u2743,19
u536,19
u8167,19
u1929,19
u8234,19
u3014,19
u2901,19
u174,19
u8127,19
u6683,19
u831,19
u8281,19
u8219,19
u6292,19
u6853,19
u2771,19
u8239,19
u5452,19
u8071,19
u817,19
u754,19
u4871,19
u2611,19
u1926,19
u3368,18
u4708,18
u2203,18
u2420,18
u6705,18
u8491,18
u4727,18
u2821,18
u1386,18
u5886,18
u5992,18
u8052,18
u7764,18
u2792,18
u3647,18
u6349,18
u5115,18
u7966,18
u8043,18
u4731,18
u131,18
u1522,18
u5401,18
u2195,18
u8495,18
u1695,18
u2280,18
u8544,18
u6126,18
u6086,18
u2875,18
u4787,18
u8389,18
u1166,18
u5235,18
u6116,18
u6798,18
u2031,18
u8251,18
u2620,18
u2472,18
u5334,18
u6575,18
u7120,18
u360,18
u2236,18
u7807,18
u5242,18
u3744,18
u1336,18
u8275,18
u398,18
u6155,18
u7496,18
u6883,18
u4938,18
u5973,18
u5396,18
u1625,18
u742,18
u6391,18
u6077,18
u431,18
u4570,18
u8417,18
u5518,18
u6462,18
u6401,18
u4571,18
u1198,18
u285,18
u3061,18
u4437,18
u1229,18
u6666,18
u6534,18
u8794,18
u6223,18
u690,18
u3522,18
u8888,18
u1824,18
u5863,18
u3521,18
u3062,18
u1031,18
u2172,18
u3933,18
u8525,18
u8936,18
u4617,18
u7415,18
u456,18
u5755,18
u7334,18
u1461,18
u5819,18
u8110,18
u3002,18
u3036,18
u3459,18
u7321,18
u4155,17
u6089,17
u7781,17
u1193,17
u8382,17
u5153,17
u7705,17
u6211,17
u2661,17
u7861,17
u4417,17
u2111,17
u4067,17
u8490,17
u8935,17
u5916,17
u8620,17
u788,17
u5109,17
u1938,17
u2342,17
u5002,17
u1146,17
u6799,17
u8250,17
u2184,17
u2140,17
u981,17
u763,17
u7854,17
u7046,17
u2909,17
u4534,17
u4673,17
u6419,17
u7912,17
u8012,17
u6589,17
u6905,17
u4108,17
u6423,17
u3148,17
u3984,17
u422,17
u1588,17
u4323,17
u5435,17
u3490,17
u8709,17
u8217,17
u2135,17
u872,17
u2868,17
u4308,17
u6746,17
u6137,17
u8482,17
u4414,17
u5352,17
u5093,17
u4783,17
u3211,17
u750,17
u5045,17
u7457,17
u5831,17
u5709,17
u6128,17
u3135,17
u5828,17
u3470,17
u210,17
u8820,17
u6811,17
u1366,17
u7949,17
u1923,17
u3085,17
u5123,17
u4848,17
u7259,17
u3911,17
u6549,17
u7373,17
u1504,17
u7388,17
u7948,17
u3578,17
u5532,17
u9018,17
u2961,17
u3661,17
u1440,17
u919,17
u4825,17
u2315,17
u8781,17
u8946,17
u6004,17
u6487,17
u6769,17
u8268,17
u3373,17
u8519,17
u1931,17
u2306,17
u309,17
u8939,17
u6348,17
u8036,17
u6334,17
u8948,17
u2403,17
u7826,17
u7721,17
u8270,17
u4024,17
u1047,17
u2759,17
u162,17
u7436,17
u5899,17
u4372,17
u4952,17
u8745,17
u5666,17
u5903,17
u1039,17
u4615,17
u3696,17
u2332,17
u5662,17
u3296,17
u137,17
u7091,17
u8774,17
u4270,17
u3310,17
u702,17
u7834,17
u2030,17
u6917,17
u2739,17
u3676,17
u6618,17
u2946,16
u3111,16
u2488,16
u6007,16
u7587,16
u7465,16
u5563,16
u2169,16
u70,16
u86,16
u8258,16
u3076,16
u8480,16
u177,16
u1018,16
u391,16
u6554,16
u2524,16
u8543,16
u192,16
u4038,16
u7887,16
u2552,16
u2518,16
u2160,16
u5556,16
u6524,16
u1266,16
u4842,16
u7848,16
u689,16
u7363,16
u2914,16
u5349,16
u5431,16
u1854,16
u1289,16
u6931,16
u4901,16
u5974,16
u3977,16
u6437,16
u5993,16
u1214,16
u1814,16
u3083,16
u8274,16
u5344,16
u4913,16
u7955,16
u6345,16
u3375,16
u6324,16
u6216,16
u5284,16
u671,16
u1919,16
u2084,16
u5170,16
u5169,16
u926,16
u2301,16
u6191,16
u5679,16
u7645,16
u7262,16
u8724,16
u5887,16
u5727,16
u4955,16
u4580,16
u639,16
u7069,16
u2291,16
u3326,16
u4577,16
u2634,16
u2028,16
u8590,16
u1505,16
u6881,16
u3441,16
u6673,16
u1084,16
u943,16
u530,16
u1093,16
u6671,16
u4633,16
u3452,16
u4628,16
u4289,16
u2727,16
u3446,16
u2333,16
u1490,16
u719,16
u4670,16
u6977,16
u1097,16
u7329,16
u5632,16
u2382,16
u1763,16
u5627,16
u6313,16
u3410,16
u1943,16
u1443,16
u5670,16
u4730,16
u7652,16
u2623,16
u8486,16
u6597,16
u4924,16
u3812,16
u8156,16
u7784,16
u2475,16
u2117,16
u7560,16
u7798,16
u8722,16
u517,16
u6718,16
u7780,16
u1174,16
u1713,16
u3760,16
u4402,16
u350,16
u1056,16
u3774,16
u5250,16
u3251,16
u6793,16
u874,16
u1058,16
u2439,16
u3176,16
u2833,16
u6445,16
u2273,16
u3174,16
u8557,16
u5905,16
u1143,16
u1876,16
u7924,16
u2828,16
u555,16
u2281,16
u8705,15
u5477,15
u782,15
u2881,15
u2699,15
u1179,15
u1777,15
u780,15
u1181,15
u2672,15
u4102,15
u5005,15
u2020,15
u4365,15
u5823,15
u6979,15
u636,15
u8378,15
u618,15
u1157,15
u8824,15
u1693,15
u8415,15
u6625,15
u6709,15
u6699,15
u1124,15
u7775,15
u5506,15
u6605,15
u5493,15
u4965,15
u4025,15
u589,15
u4248,15
u1700,15
u8396,15
u2864,15
u7719,15
u1199,15
u4252,15
u4976,15
u4869,15
u2624,15
u5472,15
u1760,15
u6640,15
u1063,15
u7082,15
u4132,15
u4981,15
u2669,15
u8116,15
u33,15
u3751,15
u229,15
u3237,15
u3748,15
u2444,15
u1556,15
u6392,15
u8429,15
u2259,15
u2257,15
u4562,15
u8865,15
u8567,15
u7345,15
u5094,15
u333,15
u209,15
u3156,15
u73,15
u1292,15
u4501,15
u1989,15
u3861,15
u8858,15
u3169,15
u6792,15
u5579,15
u358,15
u3807,15
u3795,15
u4786,15
u1325,15
u977,15
u3668,15
u4585,15
u7642,15
u1460,15
u5385,15
u6254,15
u3451,15
u3454,15
u7322,15
u6262,15
u2418,15
u3502,15
u1485,15
u5390,15
u2349,15
u3507,15
u7999,15
u929,15
u4621,15
u6238,15
u5664,15
u7170,15
u304,15
u2319,15
u7176,15
u4696,15
u6826,15
u5672,15
u7186,15
u1933,15
u527,15
u1399,15
u6187,15
u3335,15
u6933,15
u3231,15
u4840,15
u3887,15
u8645,15
u4458,15
u3023,15
u8804,15
u1837,15
u488,15
u1847,15
u8366,15
u3967,15
u7092,15
u8537,15
u3070,15
u382,15
u5551,15
u8925,14
u2793,14
u6346,14
u4006,14
u924,14
u5114,14
u8756,14
u7231,14
u2171,14
u1832,14
u6192,14
u3631,14
u8818,14
u2639,14
u771,14
u2778,14
u7054,14
u8181,14
u3365,14
u8922,14
u1421,14
u6186,14
u4582,14
u4950,14
u8566,14
u5185,14
u4760,14
u7014,14
u4757,14
u4385,14
u5504,14
u4756,14
u8347,14
u5353,14
u6056,14
u2597,14
u5336,14
u4211,14
u4429,14
u909,14
u6806,14
u9022,14
u3929,14
u8165,14
u8099,14
u3317,14
u7386,14
u1020,14
u3643,14
u7284,14
u1111,14
u651,14
u5132,14
u7276,14
u3439,14
u4337,14
u1942,14
u5539,14
u3467,14
u8738,14
u8412,14
u8209,14
u610,14
u6928,14
u4662,14
u6016,14
u8713,14
u4369,14
u6684,14
u534,14
u9005,14
u3462,14
u2343,14
u59,14
u8890,14
u1941,14
u4455,14
u1441,14
u8446,14
u8192,14
u3377,14
u4699,14
u2649,14
u3716,14
u5669,14
u1263,14
u1022,14
u5557,14
u6635,14
u8502,14
u7342,14
u3403,14
u6857,14
u3421,14
u4001,14
u577,14
u4982,14
u7838,14
u6513,14
u528,14
u7977,14
u7494,14
u6653,14
u8963,14
u2364,14
u8654,14
u4124,14
u4050,14
u2237,14
u8871,14
u5236,14
u4118,14
u8710,14
u1482,14
u8718,14
u2238,14
u7660,14
u340,14
u2930,14
u5708,14
u7570,14
u5990,14
u8641,14
u7915,14
u4073,14
u3776,14
u752,14
u2925,14
u6129,14
u5738,14
u7360,14
u1567,14
u6477,14
u215,14
u8473,14
u8393,14
u2902,14
u6448,14
u2033,14
u6478,14
u7011,14
u2936,14
u3181,14
u6579,14
u150,14
u7892,14
u875,14
u5715,14
u4041,14
u6965,14
u6444,14
u2233,14
u1873,14
u1318,14
u8763,14
u8883,14
u8082,14
u6140,14
u8153,14
u2922,14
u4884,14
u8263,14
u5975,14
u3739,14
u3082,14
u6141,14
u6728,14
u4932,14
u5566,14
u8425,14
u6601,14
u8723,14
u328,14
u7602,14
u4169,14
u616,14
u4502,14
u8843,14
u2842,14
u2834,14
u6078,14
u4416,14
u6138,14
u6411,14
u2522,14
u7686,14
u5941,14
u6892,14
u3229,14
u1899,14
u7212,14
u1626,14
u5936,14
u5020,14
u4552,14
u8901,14
u1007,14
u5359,14
u969,13
u4516,13
u7332,13
u660,13
u4419,13
u948,13
u5011,13
u5348,13
u5008,13
u5143,13
u860,13
u4466,13
u8806,13
u946,13
u5059,13
u5473,13
u791,13
u1001,13
u7709,13
u5249,13
u7555,13
u4362,13
u675,13
u7467,13
u8726,13
u8788,13
u4578,13
u7463,13
u4720,13
u913,13
u5614,13
u548,13
u8887,13
u4762,13
u4559,13
u5039,13
u8846,13
u5780,13
u5192,13
u4485,13
u823,13
u789,13
u7726,13
u5330,13
u847,13
u7561,13
u4606,13
u526,13
u4403,13
u541,13
u724,13
u5380,13
u7547,13
u1016,13
u7425,13
u5347,13
u7433,13
u127,13
u7987,13
u2178,13
u3526,13
u8364,13
u3966,13
u2198,13
u379,13
u3950,13
u8278,13
u7866,13
u8386,13
u2190,13
u371,13
u3927,13
u7117,13
u3087,13
u1988,13
u6058,13
u381,13
u1246,13
u7179,13
u1719,13
u139,13
u3465,13
u1579,13
u2830,13
u2129,13
u2832,13
u1476,13
u2328,13
u8380,13
u283,13
u4008,13
u1608,13
u2471,13
u1610,13
u6461,13
u8370,13
u1866,13
u1707,13
u3570,13
u2818,13
u1303,13
u6763,13
u8356,13
u345,13
u1320,13
u1360,13
u1322,13
u6750,13
u335,13
u3723,13
u3780,13
u3718,13
u8995,13
u6147,13
u8257,13
u1348,13
u8132,13
u6144,13
u6517,13
u1688,13
u6064,13
u1400,13
u7110,13
u6482,13
u6496,13
u8352,13
u2911,13
u3612,13
u3886,13
u8271,13
u1701,13
u2210,13
u3044,13
u1998,13
u7890,13
u8247,13
u3839,13
u3046,13
u3837,13
u7152,13
u8971,13
u3762,13
u13,13
u2095,13
u3306,13
u3370,13
u8673,13
u8594,13
u8318,13
u1153,13
u6686,13
u1787,13
u5884,13
u4172,13
u3297,13
u8571,13
u2085,13
u7268,13
u7136,13
u8404,13
u6677,13
u4191,13
u6408,13
u1541,13
u8957,13
u2785,13
u4293,13
u3438,13
u6982,13
u3332,13
u1534,13
u8025,13
u5896,13
u6784,13
u2038,13
u1113,13
u8199,13
u2430,13
u6377,13
u124,13
u7755,13
u134,13
u6212,12
u2457,12
u8060,12
u8101,12
u3051,12
u2269,12
u6389,12
u8338,12
u2399,12
u7958,12
u8044,12
u6512,12
u5133,12
u8463,12
u3035,12
u4728,12
u3278,12
u8363,12
u4743,12
u564,12
u2976,12
u342,12
u7132,12
u894,12
u4568,12
u2242,12
u6371,12
u4572,12
u7953,12
u5698,12
u7032,12
u81,12
u5052,12
u1370,12
u6175,12
u6894,12
u8866,12
u5546,12
u3645,12
u5102,12
u2356,12
u6838,12
u3419,12
u7627,12
u3498,12
u6841,12
u3128,12
u8242,12
u208,12
u3137,12
u7020,12
u8755,12
u6859,12
u8787,12
u6442,12
u8754,12
u4779,12
u2732,12
u3460,12
u1872,12
u3191,12
u3165,12
u3420,12
u6295,12
u546,12
u8336,12
u8287,12
u5588,12
u8013,12
u7599,12
u6780,12
u7646,12
u7167,12
u4706,12
u1582,12
u2302,12
u6776,12
u883,12
u6333,12
u1939,12
u7973,12
u5602,12
u3094,12
u7477,12
u845,12
u250,12
u7984,12
u3227,12
u3540,12
u4702,12
u6779,12
u6321,12
u8737,12
u2313,12
u2353,12
u5368,12
u8288,12
u5641,12
u3402,12
u3080,12
u7355,12
u1683,12
u5515,12
u2155,12
u6006,12
u4209,12
u8915,12
u2090,12
u6938,12
u6713,12
u1231,12
u390,12
u2779,12
u5341,12
u7549,12
u5484,12
u3978,12
u2872,12
u5311,12
u4994,12
u4242,12
u8184,12
u8779,12
u5215,12
u2005,12
u2886,12
u4119,12
u1705,12
u694,12
u4250,12
u5760,12
u3997,12
u7692,12
u590,12
u2113,12
u1051,12
u104,12
u5968,12
u2813,12
u8226,12
u1186,12
u7421,12
u2121,12
u1783,12
u4064,12
u2086,12
u145,12
u7832,12
u2088,12
u2791,12
u2013,12
u2857,12
u2633,12
u4448,12
u5777,12
u7391,12
u640,12
u4205,12
u14,12
u4375,12
u7429,12
u6046,12
u7873,12
u8,12
u2047,12
u7471,12
u8515,12
u5839,12
u7214,12
u158,12
u359,12
u7211,12
u161,12
u2048,12
u4292,12
u4259,12
u6111,12
u6122,12
u8513,12
u578,12
u3770,12
u7066,12
u5717,12
u6643,12
u986,12
u6988,12
u5465,12
u575,12
u8390,12
u1300,12
u2908,12
u4964,12
u368,12
u6722,12
u5862,12
u4483,12
u3889,12
u6918,12
u126,12
u598,12
u5356,12
u1286,12
u2077,12
u4514,12
u5730,12
u6072,12
u8913,12
u4962,12
u6402,11
u6433,11
u1795,11
u2734,11
u2445,11
u1775,11
u6631,11
u6624,11
u881,11
u5485,11
u2764,11
u7380,11
u228,11
u6638,11
u7353,11
u2443,11
u5463,11
u2701,11
u3267,11
u2698,11
u8296,11
u5476,11
u3245,11
u5085,11
u1732,11
u184,11
u9016,11
u3079,11
u8097,11
u2910,11
u2520,11
u757,11
u8139,11
u2602,11
u1690,11
u7362,11
u5420,11
u6723,11
u761,11
u7087,11
u5042,11
u5529,11
u6558,11
u2559,11
u7371,11
u5531,11
u5434,11
u7615,11
u1820,11
u1676,11
u4868,11
u835,11
u772,11
u7368,11
u8145,11
u5446,11
u6703,11
u2474,11
u1895,11
u3188,11
u65,11
u4946,11
u3179,11
u8510,11
u6610,11
u3175,11
u3151,11
u5521,11
u7085,11
u2853,11
u1716,11
u6598,11
u2877,11
u7581,11
u627,11
u2861,11
u462,11
u4923,11
u205,11
u8152,11
u6585,11
u858,11
u7043,11
u8279,11
u6590,11
u3095,11
u614,11
u1623,11
u3736,11
u4490,11
u7013,11
u3817,11
u356,11
u2217,11
u44,11
u5203,11
u6081,11
u3867,11
u3881,11
u376,11
u7875,11
u6195,11
u7874,11
u6047,11
u7681,11
u8635,11
u2194,11
u1265,11
u1260,11
u5753,11
u6037,11
u2185,11
u346,11
u704,11
u6113,11
u3769,11
u5692,11
u311,11
u2260,11
u7947,11
u5350,11
u5298,11
u3694,11
u3691,11
u2250,11
u6902,11
u4566,11
u6153,11
u4565,11
u6911,11
u3733,11
u3734,11
u1344,11
u6139,11
u4545,11
u3758,11
u3771,11
u2164,11
u1026,11
u487,11
u453,11
u5264,11
u474,11
u4217,11
u4351,11
u5309,11
u2081,11
u5857,11
u5799,11
u5796,11
u8399,11
u5852,11
u7723,11
u4373,11
u4297,11
u4333,11
u4302,11
u5282,11
u7285,11
u2059,11
u7733,11
u5812,11
u5889,11
u1144,11
u1230,11
u5329,11
u5762,11
u3994,11
u402,11
u6000,11
u2142,11
u4430,11
u4427,11
u2023,11
u25,11
u409,11
u7242,11
u5965,11
u5247,11
u8669,11
u8420,11
u4116,11
u4127,11
u1162,11
u5258,11
u7788,11
u4182,11
u8616,11
u8007,11
u6862,11
u8790,11
u5135,11
u1466,11
u7985,11
u4644,11
u277,11
u5371,11
u5157,11
u3506,11
u4650,11
u6327,11
u6335,11
u3499,11
u6261,11
u6342,11
u7018,11
u3336,11
u1470,11
u7162,11
u5159,11
u6290,11
u3416,11
u8791,11
u3406,11
u1494,11
u6306,11
u941,11
u5638,11
u5384,11
u278,11
u1488,11
u1481,11
u5375,11
u8002,11
u944,11
u7154,11
u6867,11
u3334,11
u5626,11
u3288,11
u7648,11
u3586,11
u7159,11
u6372,11
u8445,11
u8608,11
u8053,11
u3614,11
u6823,11
u8612,11
u6376,11
u61,11
u6193,11
u8751,11
u8741,11
u7482,11
u5663,11
u6868,11
u289,11
u1962,11
u8344,11
u5187,11
u3323,11
u1549,11
u8796,11
u5657,11
u7474,11
u8200,10
u8402,10
u6831,10
u2410,10
u8416,10
u1766,10
u5324,10
u8283,10
u659,10
u2362,10
u6669,10
u7443,10
u5387,10
u2114,10
u1896,10
u784,10
u655,10
u5453,10
u6834,10
u5013,10
u6958,10
u5122,10
u8413,10
u5259,10
u8307,10
u8447,10
u1841,10
u2115,10
u1817,10
u2226,10
u5088,10
u6871,10
u2584,10
u6873,10
u2231,10
u88,10
u2566,10
u1902,10
u5070,10
u2528,10
u2235,10
u5058,10
u2294,10
u8267,10
u7019,10
u5423,10
u9030,10
u79,10
u1981,10
u1842,10
u5198,10
u2587,10
u6700,10
u1944,10
u17,10
u749,10
u5234,10
u52,10
u684,10
u6849,10
u2347,10
u2266,10
u5035,10
u8464,10
u2201,10
u5405,10
u7040,10
u8430,10
u8384,10
u5407,10
u748,10
u5207,10
u8426,10
u5083,10
u7002,10
u6804,10
u4330,10
u4687,10
u518,10
u1458,10
u3548,10
u6235,10
u3553,10
u3580,10
u4610,10
u8928,10
u300,10
u1412,10
u7957,10
u3627,10
u5683,10
u4590,10
u4747,10
u6176,10
u1378,10
u6171,10
u4574,10
u1347,10
u6154,10
u5693,10
u5694,10
u4537,10
u3799,10
u3802,10
u996,10
u4629,10
u4637,10
u4643,10
u3489,10
u7348,10
u3291,10
u1551,10
u3307,10
u6354,10
u3322,10
u7140,10
u1521,10
u4712,10
u245,10
u3347,10
u7623,10
u3383,10
u1500,10
u8593,10
u543,10
u4686,10
u8029,10
u3431,10
u1487,10
u942,10
u4656,10
u4671,10
u6281,10
u3480,10
u6092,10
u7899,10
u4509,10
u4097,10
u5947,10
u8670,10
u423,10
u1156,10
u5940,10
u4167,10
u8678,10
u5902,10
u5892,10
u1065,10
u7756,10
u7708,10
u1076,10
u1083,10
u4246,10
u4253,10
u7270,10
u5810,10
u4279,10
u5824,10
u1082,10
u1085,10
u8699,10
u1079,10
u4324,10
u5950,10
u4082,10
u1302,10
u4087,10
u8632,10
u7228,10
u496,10
u1282,10
u1014,10
u5739,10
u3910,10
u6065,10
u6044,10
u1256,10
u489,10
u386,10
u389,10
u8886,10
u4444,10
u4447,10
u8661,10
u4432,10
u1038,10
u1208,10
u8658,10
u7309,10
u5988,10
u4054,10
u4063,10
u8861,10
u6990,10
u8989,10
u2794,10
u170,10
u582,10
u2973,10
u8129,10
u5491,10
u8169,10
u2929,10
u4824,10
u136,10
u195,10
u2921,10
u4957,10
u6475,10
u3100,10
u6466,10
u4817,10
u4838,10
u587,10
u6460,10
u8998,10
u7585,10
u8532,10
u8772,10
u185,10
u5509,10
u8154,10
u6540,10
u3040,10
u6498,10
u2994,10
u6607,10
u3056,10
u2827,10
u4947,10
u8121,10
u1636,10
u8857,10
u1742,10
u6465,10
u8997,10
u8783,10
u3205,10
u5543,10
u6406,10
u2770,10
u1557,10
u8178,10
u6400,10
u7127,10
u7379,10
u4989,10
u1759,10
u3274,10
u6368,10
u7064,10
u605,10
u227,10
u1745,10
u3147,10
u4799,10
u1754,10
u6436,10
u1744,10
u8172,10
u8956,10
u841,10
u217,10
u3196,10
u4784,10
u1678,10
u22,9
u6005,9
u6946,9
u5757,9
u6948,9
u6999,9
u8996,9
u6562,9
u7045,9
u6023,9
u8848,9
u8896,9
u397,9
u652,9
u6663,9
u6978,9
u10,9
u7273,9
u444,9
u6973,9
u5855,9
u5872,9
u5787,9
u6668,9
u7058,9
u5906,9
u7244,9
u8993,9
u8905,9
u7067,9
u6627,9
u5775,9
u615,9
u6995,9
u5954,9
u6596,9
u5963,9
u7392,9
u87,9
u5395,9
u5743,9
u5655,9
u5637,9
u6844,9
u6847,9
u7113,9
u5646,9
u6265,9
u6255,9
u6309,9
u569,9
u5658,9
u6249,9
u7398,9
u6243,9
u5424,9
u6662,9
u7408,9
u6550,9
u6827,9
u7024,9
u6820,9
u6366,9
u7129,9
u8952,9
u6390,9
u6788,9
u6427,9
u560,9
u6795,9
u6840,9
u6418,9
u6325,9
u268,9
u7114,9
u8929,9
u5549,9
u6745,9
u6105,9
u550,9
u92,9
u5723,9
u8911,9
u7365,9
u5442,9
u76,9
u6744,9
u5436,9
u495,9
u5533,9
u491,9
u5742,9
u6752,9
u6900,9
u6151,9
u330,9
u178,9
u6895,9
u6891,9
u5550,9
u317,9
u6884,9
u7104,9
u6514,9
u189,9
u7361,9
u7187,9
u39,9
u5363,9
u125,9
u2049,9
u3626,9
u8610,9
u8739,9
u3630,9
u4665,9
u2413,9
u4678,9
u1414,9
u3608,9
u4694,9
u2417,9
u8308,9
u4736,9
u907,9
u8310,9
u2397,9
u3576,9
u4755,9
u8118,9
u1912,9
u5040,9
u1367,9
u8489,9
u7669,9
u1371,9
u4530,9
u4539,9
u1376,9
u4573,9
u4567,9
u958,9
u1387,9
u8731,9
u8729,9
u1385,9
u8291,9
u964,9
u1393,9
u889,9
u7604,9
u8458,9
u1628,9
u3449,9
u8017,9
u8024,9
u8022,9
u1979,9
u798,9
u3404,9
u4948,9
u8324,9
u4973,9
u4959,9
u4967,9
u3382,9
u7543,9
u3374,9
u7530,9
u808,9
u805,9
u7565,9
u3471,9
u4798,9
u3524,9
u7989,9
u8606,9
u3039,9
u3510,9
u7600,9
u2337,9
u4849,9
u8106,9
u3505,9
u7991,9
u4883,9
u4886,9
u4919,9
u1000,9
u1845,9
u3737,9
u8166,9
u4151,9
u7787,9
u4164,9
u4165,9
u4173,9
u1789,9
u3942,9
u2683,9
u4221,9
u3921,9
u1270,9
u1278,9
u8224,9
u1126,9
u1281,9
u4225,9
u2805,9
u1247,9
u7783,9
u1242,9
u7815,9
u1221,9
u8191,9
u4023,9
u8511,9
u1203,9
u2769,9
u4003,9
u1170,9
u4100,9
u8194,9
u1237,9
u2808,9
u4110,9
u2712,9
u2660,9
u4226,9
u4480,9
u7916,9
u1315,9
u4340,9
u7716,9
u7911,9
u8143,9
u1328,9
u1338,9
u7693,9
u2658,9
u8708,9
u1027,9
u2947,9
u7918,9
u3750,9
u8136,9
u8621,9
u8241,9
u2582,9
u1072,9
u8248,9
u4220,9
u8238,9
u4254,9
u1287,9
u4264,9
u8686,9
u2619,9
u3859,9
u3860,9
u4269,9
u1722,9
u2880,9
u3806,9
u1075,9
u7909,9
u5014,9
u4031,9
u693,9
u1543,9
u2128,9
u3160,9
u5260,9
u3106,9
u2131,9
u2211,9
u2076,9
u8538,9
u3275,9
u5167,9
u8542,9
u5160,9
u1986,9
u5266,9
u5158,9
u7481,9
u678,9
u1602,9
u5188,9
u8369,9
u8367,9
u3309,9
u1624,9
u5210,9
u8576,9
u8395,9
u2126,9
u758,9
u5254,9
u5079,9
u3320,9
u1601,9
u3255,9
u1547,9
u3099,9
u1987,9
u2166,9
u2052,9
u3170,9
u3263,9
u3361,9
u2046,9
u2056,9
u5137,9
u8388,9
u2219,9
u2053,9
u8811,9
u7910,8
u8058,8
u2576,8
u1555,8
u5790,8
u6778,8
u4374,8
u5797,8
u4526,8
u7292,8
u3682,8
u6441,8
u2579,8
u4339,8
u1682,8
u470,8
u1316,8
u7499,8
u1374,8
u5818,8
u2883,8
u357,8
u7077,8
u1813,8
u6725,8
u703,8
u5219,8
u3804,8
u4561,8
u3149,8
u2956,8
u316,8
u2122,8
u352,8
u8255,8
u4350,8
u1324,8
u4368,8
u5710,8
u3265,8
u1358,8
u4370,8
u8720,8
u2017,8
u80,8
u4454,8
u6388,8
u2941,8
u7432,8
u7302,8
u5751,8
u5150,8
u6764,8
u7679,8
u5367,8
u3144,8
u4474,8
u1009,8
u329,8
u4482,8
u4496,8
u8264,8
u2132,8
u1309,8
u3093,8
u5713,8
u339,8
u8138,8
u4381,8
u6124,8
u2517,8
u2556,8
u5714,8
u4523,8
u4440,8
u4399,8
u3768,8
u343,8
u4422,8
u4436,8
u3257,8
u3719,8
u8707,8
u7691,8
u786,8
u7038,8
u2811,8
u5945,8
u8646,8
u2715,8
u3202,8
u8503,8
u8823,8
u7235,8
u5939,8
u6680,8
u8206,8
u2703,8
u8555,8
u7449,8
u1590,8
u4177,8
u1251,8
u6030,8
u5926,8
u3958,8
u6034,8
u7233,8
u2823,8
u2075,8
u8814,8
u647,8
u4109,8
u2063,8
u2801,8
u7240,8
u2761,8
u8514,8
u1226,8
u3,8
u4052,8
u1206,8
u2744,8
u2767,8
u1753,8
u4062,8
u3193,8
u4061,8
u1769,8
u1740,8
u2733,8
u9002,8
u8551,8
u2798,8
u4083,8
u5972,8
u6650,8
u5955,8
u7444,8
u225,8
u7215,8
u2625,8
u8235,8
u8554,8
u3876,8
u3872,8
u1581,8
u6711,8
u6067,8
u3155,8
u1809,8
u5853,8
u7888,8
u8684,8
u5907,8
u148,8
u2148,8
u3844,8
u2865,8
u5217,8
u9014,8
u3244,8
u5837,8
u4276,8
u3830,8
u1833,8
u1800,8
u372,8
u8690,8
u1802,8
u6043,8
u5904,8
u2840,8
u6690,8
u1136,8
u1130,8
u2829,8
u7455,8
u2831,8
u1560,8
u2091,8
u2846,8
u5237,8
u7263,8
u6405,8
u4232,8
u2083,8
u4229,8
u5233,8
u2648,8
u2641,8
u1727,8
u5337,8
u2964,8
u2523,8
u3747,8
u6815,8
u2216,8
u6227,8
u7096,8
u1631,8
u7552,8
u896,8
u8349,8
u5497,8
u1648,8
u8863,8
u3552,8
u6236,8
u2212,8
u1492,8
u1438,8
u6239,8
u6273,8
u2268,8
u3047,8
u5554,8
u6221,8
u1465,8
u5398,8
u4970,8
u4695,8
u8309,8
u5482,8
u2222,8
u6308,8
u4853,8
u8006,8
u3354,8
u8328,8
u6923,8
u3397,8
u179,8
u7346,8
u3101,8
u898,8
u6876,8
u4815,8
u974,8
u8962,8
u568,8
u3527,8
u7396,8
u1645,8
u7605,8
u5075,8
u8599,8
u284,8
u1464,8
u6483,8
u3078,8
u5547,8
u6476,8
u3312,8
u5413,8
u3426,8
u5087,8
u814,8
u7553,8
u2372,8
u3546,8
u3539,8
u876,8
u6245,8
u6839,8
u2193,8
u5576,8
u800,8
u3537,8
u4796,8
u5418,8
u7507,8
u2191,8
u4845,8
u936,8
u270,8
u3479,8
u3358,8
u2234,8
u1963,8
u8001,8
u8596,8
u524,8
u628,8
u1637,8
u7647,8
u5464,8
u6458,8
u1508,8
u4879,8
u32,8
u1391,8
u3653,8
u5121,8
u7644,8
u4614,8
u7654,8
u64,8
u5681,8
u1619,8
u6386,8
u6296,8
u3665,8
u8942,8
u5689,8
u2459,8
u3089,8
u8342,8
u4889,8
u3136,8
u315,8
u4591,8
u825,8
u5017,8
u5006,8
u5680,8
u8421,8
u8093,8
u2245,8
u8585,8
u3395,8
u1611,8
u7335,8
u8422,8
u8535,8
u6287,8
u3011,8
u4676,8
u945,8
u6937,8
u8600,8
u762,8
u8978,8
u6206,8
u6207,8
u794,8
u809,8
u5392,8
u5470,8
u6541,8
u8120,8
u4977,8
u6201,8
u4625,8
u8030,8
u4627,8
u6198,8
u2424,8
u6270,8
u538,8
u6533,8
u3127,8
u3348,7
u3068,7
u6060,7
u8651,7
u181,7
u3450,7
u1562,7
u141,7
u1496,7
u3954,7
u3372,7
u8075,7
u3386,7
u396,7
u3381,7
u3384,7
u4017,7
u3190,7
u3371,7
u6339,7
u3363,7
u6425,7
u1515,7
u8583,7
u6331,7
u1227,7
u4027,7
u3388,7
u1627,7
u407,7
u1234,7
u3948,7
u3949,7
u6036,7
u1254,7
u3959,7
u8643,7
u8983,7
u1575,7
u3423,7
u6052,7
u1566,7
u9009,7
u6336,7
u3097,7
u3400,7
u3109,7
u1677,7
u3212,7
u7922,7
u1346,7
u3620,7
u7189,7
u3286,7
u3754,7
u7917,7
u7818,7
u2920,7
u8113,7
u3292,7
u332,7
u1341,7
u6528,7
u1689,7
u8089,7
u6571,7
u1426,7
u8518,7
u8090,7
u3280,7
u8135,7
u3598,7
u168,7
u6385,7
u6177,7
u6179,7
u6167,7
u1681,7
u7197,7
u6382,7
u3692,7
u7930,7
u3659,7
u3701,7
u2985,7
u2950,7
u1697,7
u3134,7
u2949,7
u3722,7
u3726,7
u7946,7
u6118,7
u2897,7
u3907,7
u3832,7
u3535,7
u6085,7
u1563,7
u2859,7
u1298,7
u3503,7
u7882,7
u7168,7
u6594,7
u6276,7
u6603,7
u1471,7
u8105,7
u1643,7
u8597,7
u8091,7
u1285,7
u3221,7
u1480,7
u6504,7
u3161,7
u6370,7
u1304,7
u1669,7
u6519,7
u3030,7
u1621,7
u3563,7
u6108,7
u3556,7
u3554,7
u6578,7
u8930,7
u1710,7
u3811,7
u3038,7
u7203,7
u1439,7
u290,7
u3544,7
u3815,7
u1448,7
u3840,7
u6710,7
u4680,7
u5665,7
u769,7
u7643,7
u6794,7
u7509,7
u5060,7
u8734,7
u7033,7
u5688,7
u5426,7
u4598,7
u5675,7
u7505,7
u6786,7
u7313,7
u4652,7
u5653,7
u7393,7
u6903,7
u7326,7
u1914,7
u7027,7
u2227,7
u1908,7
u57,7
u2752,7
u4684,7
u2230,7
u5449,7
u7631,7
u4691,7
u922,7
u2454,7
u4586,7
u905,7
u4478,7
u2168,7
u1013,7
u2533,7
u5108,7
u7687,7
u4479,7
u7689,7
u512,7
u7680,7
u8835,7
u4465,7
u490,7
u7688,7
u5113,7
u4506,7
u8721,7
u8727,7
u992,7
u4536,7
u984,7
u5711,7
u5720,7
u5089,7
u4544,7
u1855,7
u5080,7
u2492,7
u5077,7
u2469,7
u4576,7
u2177,7
u7403,7
u7344,7
u4439,7
u46,7
u837,7
u5503,7
u4949,7
u2318,7
u2323,7
u5492,7
u8856,7
u4827,7
u844,7
u2329,7
u5490,7
u4850,7
u4951,7
u2346,7
u4876,7
u7575,7
u4885,7
u2278,7
u1969,7
u828,7
u8444,7
u799,7
u4905,7
u7015,7
u4928,7
u584,7
u5510,7
u8778,7
u8442,7
u804,7
u4911,7
u49,7
u2336,7
u4741,7
u7350,7
u5593,7
u4974,7
u1976,7
u5595,7
u8434,7
u558,7
u5605,7
u2262,7
u7534,7
u54,7
u2385,7
u6835,7
u7618,7
u7540,7
u1924,7
u891,7
u4766,7
u4775,7
u5583,7
u5478,7
u4800,7
u7607,7
u6887,7
u2344,7
u4813,7
u6850,7
u4818,7
u5569,7
u5565,7
u2258,7
u8323,7
u8485,7
u2158,7
u4413,7
u5212,7
u5202,7
u15,7
u4204,7
u7766,7
u7767,7
u2677,7
u5908,7
u1134,7
u8807,7
u443,7
u5910,7
u435,7
u1781,7
u4175,7
u7062,7
u5358,7
u429,7
u8798,7
u7271,7
u720,7
u7267,7
u8499,7
u1807,7
u102,7
u5183,7
u1123,7
u5869,7
u5871,7
u4238,7
u5890,7
u5878,7
u5190,7
u8838,7
u5922,7
u7745,7
u2051,7
u5956,7
u4098,7
u2731,7
u2055,7
u8664,7
u4068,7
u5983,7
u5308,7
u7065,7
u7812,7
u7813,7
u8656,7
u7431,7
u5285,7
u12,7
u8672,7
u5920,7
u7778,7
u5921,7
u1148,7
u7452,7
u1773,7
u2707,7
u644,7
u9028,7
u5315,7
u4143,7
u2094,7
u7789,7
u654,7
u7445,7
u1175,7
u722,7
u588,7
u7743,7
u5788,7
u7737,7
u1102,7
u7050,7
u5119,7
u9012,7
u96,7
u6720,7
u5388,7
u2568,7
u4320,7
u2567,7
u5779,7
u21,7
u4343,7
u1830,7
u729,7
u7732,7
u5801,7
u1822,7
u1818,7
u1812,7
u2588,7
u9013,7
u1105,7
u2591,7
u7488,7
u5369,7
u4280,7
u5844,7
u1829,7
u7704,7
u5147,7
u7706,7
u82,7
u7416,7
u1099,7
u5124,7
u625,7
u458,7
u4285,7
u5847,7
u7053,7
u2011,7
u5845,7
u8343,6
u6924,6
u8371,6
u6936,6
u8073,6
u6998,6
u6922,6
u1584,6
u3113,6
u8411,6
u8379,6
u3071,6
u1973,6
u2057,6
u20,6
u8969,6
u1615,6
u8353,6
u2249,6
u8361,6
u6901,6
u8549,6
u2204,6
u3141,6
u2251,6
u8360,6
u1603,6
u1609,6
u6916,6
u6915,6
u2223,6
u6910,6
u6907,6
u8550,6
u2206,6
u2087,6
u6470,6
u6963,6
u3158,6
u6467,6
u8365,6
u7007,6
u6950,6
u6985,6
u2110,6
u6959,6
u2255,6
u2182,6
u182,6
u6472,6
u2106,6
u7005,6
u8185,6
u9032,6
u6582,6
u111,6
u2626,6
u6600,6
u2862,6
u1718,6
u8520,6
u2613,6
u6726,6
u7076,6
u8494,6
u2870,6
u2601,6
u6727,6
u98,6
u1729,6
u2905,6
u6748,6
u2565,6
u2561,6
u6573,6
u6751,6
u6753,6
u2555,6
u6759,6
u2942,6
u2543,6
u2537,6
u2536,6
u2837,6
u6681,6
u7034,6
u1737,6
u1757,6
u1750,6
u1751,6
u2740,6
u6651,6
u6647,6
u6656,6
u6630,6
u8501,6
u8193,6
u2714,6
u8204,6
u122,6
u2814,6
u1792,6
u6679,6
u8508,6
u8163,6
u8225,6
u2819,6
u2696,6
u1780,6
u6616,6
u6670,6
u1731,6
u2681,6
u140,6
u2676,6
u2939,6
u6561,6
u6497,6
u51,6
u6836,6
u2391,6
u2376,6
u190,6
u6516,6
u1932,6
u6511,6
u8459,6
u1930,6
u9021,6
u8320,6
u6842,6
u1946,6
u1655,6
u2406,6
u6500,6
u6848,6
u1644,6
u43,6
u3048,6
u8331,6
u6508,6
u1651,6
u7107,6
u6861,6
u2300,6
u1967,6
u8982,6
u6821,6
u1667,6
u2531,6
u2437,6
u2527,6
u1850,6
u2500,6
u2955,6
u8479,6
u8477,6
u2479,6
u66,6
u2465,6
u6547,6
u1671,6
u1878,6
u2979,6
u1911,6
u3018,6
u8986,6
u8314,6
u8122,6
u6538,6
u8528,6
u2426,6
u63,6
u1905,6
u8451,6
u175,6
u6529,6
u6812,6
u8112,6
u1587,6
u5293,6
u1569,6
u8701,6
u5734,6
u5752,6
u1015,6
u4469,6
u5748,6
u4463,6
u4456,6
u7685,6
u4461,6
u7690,6
u4410,6
u7707,6
u7304,6
u5784,6
u8704,6
u4336,6
u4332,6
u469,6
u468,6
u467,6
u4367,6
u4346,6
u7290,6
u5809,6
u7665,6
u5721,6
u4690,6
u4616,6
u934,6
u7639,6
u938,6
u4669,6
u940,6
u947,6
u949,6
u950,6
u7638,6
u8735,6
u957,6
u4608,6
u987,6
u5671,6
u521,6
u5704,6
u7653,6
u4563,6
u4556,6
u4554,6
u978,6
u4543,6
u510,6
u4542,6
u5813,6
u472,6
u4314,6
u4147,6
u5893,6
u5898,6
u7771,6
u4184,6
u5915,6
u5913,6
u433,6
u430,6
u5927,6
u4179,6
u4159,6
u5934,6
u4309,6
u7254,6
u418,6
u414,6
u424,6
u4126,6
u5944,6
u4122,6
u7253,6
u7803,6
u4088,6
u5959,6
u7759,6
u4206,6
u5888,6
u5882,6
u1091,6
u4294,6
u8696,6
u7278,6
u4282,6
u4271,6
u455,6
u8695,6
u1103,6
u1109,6
u7751,6
u1573,6
u7266,6
u5858,6
u7752,6
u7269,6
u7757,6
u1114,6
u5873,6
u440,6
u7763,6
u4234,6
u1122,6
u7338,6
u7622,6
u4072,6
u5414,6
u7406,6
u5112,6
u624,6
u5111,6
u8837,6
u7501,6
u5095,6
u8792,6
u5082,6
u5412,6
u5415,6
u5086,6
u5131,6
u5069,6
u5068,6
u7511,6
u5061,6
u767,6
u7508,6
u773,6
u5023,6
u8784,6
u5028,6
u5027,6
u5386,6
u731,6
u4715,6
u5335,6
u5288,6
u5280,6
u5279,6
u5277,6
u7430,6
u672,6
u5271,6
u5272,6
u5239,6
u7458,6
u8833,6
u7459,6
u5149,6
u7462,6
u5213,6
u5346,6
u7483,6
u5205,6
u5165,6
u5162,6
u5166,6
u5376,6
u726,6
u5377,6
u7523,6
u774,6
u7527,6
u565,6
u8766,6
u4834,6
u581,6
u4820,6
u5564,6
u5571,6
u7590,6
u4806,6
u4802,6
u561,6
u4777,6
u5590,6
u7529,6
u4759,6
u5599,6
u892,6
u911,6
u5609,6
u5607,6
u5610,6
u4748,6
u4739,6
u4738,6
u4713,6
u8852,6
u4851,6
u4852,6
u4855,6
u5000,6
u5459,6
u7536,6
u7532,6
u5007,6
u7544,6
u790,6
u4966,6
u5479,6
u4971,6
u7550,6
u7387,6
u4936,6
u7376,6
u4935,6
u5505,6
u4922,6
u7390,6
u586,6
u4891,6
u7385,6
u4870,6
u5536,6
u8662,6
u4256,6
u4070,6
u6219,6
u6202,6
u1403,6
u6210,6
u7960,6
u7961,6
u6213,6
u305,6
u1425,6
u3597,6
u1428,6
u3565,6
u1402,6
u6233,6
u295,6
u7976,6
u6237,6
u7993,6
u3515,6
u282,6
u6263,6
u6272,6
u6271,6
u3622,6
u3624,6
u6984,6
u3741,6
u3789,6
u6115,6
u6119,6
u3783,6
u3779,6
u1331,6
u1354,6
u338,6
u3756,6
u3757,6
u1334,6
u7954,6
u1335,6
u6152,6
u8619,6
u1359,6
u3683,6
u1365,6
u6172,6
u321,6
u3666,6
u3638,6
u273,6
u8934,6
u351,6
u6399,6
u8051,6
u8070,6
u3285,6
u6369,6
u8056,6
u6380,6
u3271,6
u8560,6
u3264,6
u240,6
u6394,6
u3300,6
u3253,6
u3249,6
u8061,6
u3236,6
u8068,6
u3218,6
u6417,6
u8076,6
u3195,6
u221,6
u8955,6
u7134,6
u1484,6
u8032,6
u265,6
u3472,6
u3455,6
u3447,6
u1491,6
u3428,6
u7157,6
u8603,6
u3394,6
u8028,6
u8037,6
u1532,6
u6329,6
u3369,6
u3355,6
u3349,6
u6338,6
u3337,6
u3333,6
u3329,6
u8574,6
u6356,6
u347,6
u1406,6
u4511,6
u8647,6
u7896,6
u6088,6
u3854,6
u365,6
u7232,6
u369,6
u6017,6
u4066,6
u405,6
u3880,6
u7876,6
u7846,6
u364,6
u1268,6
u7865,6
u3900,6
u6083,6
u3895,6
u4019,6
u384,6
u3975,6
u6002,6
u3836,6
u7241,6
u3999,6
u3877,6
u6014,6
u8906,6
u4059,6
u7855,6
u4009,6
u6102,6
u378,6
u8644,6
u374,6
u8907,6
u4005,6
u7907,6
u8652,6
u7810,6
u4053,6
u3931,6
u3996,6
u7230,6
u3834,6
u7512,5
u8785,5
u7404,5
u7395,5
u8092,5
u7236,5
u8232,5
u7520,5
u8832,5
u8505,5
u8845,5
u8350,5
u8504,5
u8839,5
u7108,5
u7537,5
u8433,5
u8595,5
u7109,5
u8223,5
u7850,5
u8016,5
u9029,5
u8233,5
u8253,5
u8648,5
u7758,5
u7525,5
u8586,5
u8903,5
u7003,5
u8681,5
u8660,5
u8064,5
u6994,5
u7414,5
u7128,5
u6992,5
u8189,5
u8202,5
u7456,5
u7451,5
u7427,5
u7246,5
u8405,5
u8069,5
u7446,5
u7797,5
u8812,5
u7448,5
u7435,5
u9031,5
u7125,5
u8817,5
u7131,5
u7473,5
u7397,5
u7480,5
u7844,5
u8569,5
u8373,5
u8568,5
u8222,5
u8047,5
u7402,5
u8565,5
u8949,5
u8087,5
u8895,5
u7405,5
u7829,5
u8055,5
u7061,5
u8973,5
u8376,5
u8210,5
u7827,5
u7239,5
u7817,5
u7551,5
u8148,5
u7070,5
u8160,5
u7312,5
u8517,5
u8453,5
u7651,5
u7198,5
u7317,5
u8730,5
u8134,5
u8298,5
u8133,5
u8452,5
u8282,5
u7636,5
u7933,5
u7939,5
u7102,5
u8703,5
u8992,5
u7194,5
u7192,5
u7041,5
u7336,5
u7656,5
u8454,5
u8775,5
u7672,5
u7299,5
u7695,5
u7700,5
u7699,5
u7296,5
u7081,5
u7308,5
u8265,5
u8512,5
u7914,5
u7710,5
u7724,5
u8627,5
u8884,5
u8488,5
u8254,5
u7310,5
u7903,5
u7084,5
u7196,5
u7655,5
u8474,5
u7286,5
u7731,5
u8303,5
u8438,5
u7272,5
u7741,5
u9025,5
u7584,5
u7577,5
u8237,5
u8653,5
u9026,5
u8339,5
u7369,5
u7578,5
u7808,5
u8341,5
u7564,5
u7209,5
u8769,5
u8932,5
u9008,5
u7161,5
u8435,5
u7995,5
u7151,5
u7971,5
u8765,5
u8999,5
u7969,5
u7340,5
u7964,5
u7734,5
u8243,5
u7963,5
u8115,5
u7616,5
u8317,5
u7097,5
u7738,5
u8921,5
u7357,5
u8449,5
u7967,5
u8507,5
u8319,5
u7281,5
u7596,5
u7595,5
u7881,5
u8108,5
u8850,5
u4510,5
u9034,5
u3969,5
u3971,5
u5231,5
u5227,5
u5229,5
u5225,5
u5204,5
u2652,5
u2666,5
u5199,5
u1528,5
u5208,5
u3987,5
u5184,5
u2662,5
u5189,5
u5181,5
u2642,5
u5238,5
u5255,5
u5174,5
u5248,5
u5294,5
u5283,5
u1459,5
u1477,5
u5278,5
u2668,5
u5274,5
u5276,5
u1483,5
u2664,5
u5267,5
u5263,5
u5270,5
u1495,5
u1507,5
u1506,5
u5256,5
u5191,5
u1531,5
u5290,5
u1607,5
u1622,5
u1618,5
u5071,5
u1633,5
u1638,5
u5053,5
u4021,5
u1659,5
u5044,5
u3319,5
u4022,5
u1666,5
u1665,5
u1673,5
u5029,5
u1684,5
u2594,5
u5084,5
u5091,5
u2622,5
u5096,5
u1536,5
u2615,5
u3995,5
u1580,5
u4016,5
u4007,5
u1571,5
u1578,5
u1583,5
u4004,5
u5128,5
u1600,5
u4010,5
u5110,5
u1605,5
u5107,5
u2606,5
u1445,5
u1444,5
u1717,5
u5596,5
u2729,5
u5580,5
u2717,5
u5542,5
u1180,5
u1183,5
u3890,5
u5534,5
u5558,5
u3894,5
u3904,5
u2730,5
u5513,5
u5508,5
u3893,5
u1219,5
u5480,5
u1168,5
u5600,5
u2695,5
u1137,5
u3835,5
u1033,5
u1044,5
u1060,5
u1052,5
u5630,5
u3841,5
u3845,5
u5624,5
u1074,5
u3848,5
u1098,5
u5619,5
u2757,5
u5618,5
u2754,5
u3853,5
u2702,5
u5469,5
u5303,5
u2679,5
u3947,5
u1362,5
u1383,5
u2684,5
u5354,5
u1408,5
u5340,5
u1419,5
u5332,5
u5325,5
u5326,5
u5328,5
u5321,5
u5316,5
u1432,5
u5307,5
u1451,5
u5381,5
u5379,5
u5471,5
u3946,5
u1259,5
u1257,5
u5466,5
u1271,5
u1276,5
u3915,5
u5445,5
u1290,5
u3940,5
u3938,5
u5430,5
u1312,5
u5416,5
u5403,5
u3945,5
u1352,5
u1337,5
u1723,5
u1734,5
u3831,5
u4185,5
u4532,5
u4187,5
u2069,5
u4529,5
u2089,5
u2093,5
u4513,5
u4186,5
u2096,5
u4518,5
u2398,5
u4499,5
u4497,5
u4196,5
u2404,5
u2103,5
u2116,5
u2070,5
u2058,5
u4491,5
u2050,5
u1999,5
u2000,5
u4639,5
u4632,5
u4618,5
u2014,5
u4611,5
u4613,5
u4600,5
u4599,5
u2008,5
u4594,5
u2425,5
u4153,5
u2032,5
u4157,5
u4557,5
u4493,5
u4231,5
u4659,5
u2246,5
u4342,5
u4341,5
u4364,5
u2359,5
u2348,5
u2345,5
u2283,5
u2298,5
u2303,5
u2307,5
u2308,5
u4316,5
u2317,5
u2321,5
u4304,5
u4296,5
u4301,5
u4265,5
u2373,5
u4230,5
u4247,5
u4471,5
u4468,5
u4224,5
u4450,5
u4223,5
u4227,5
u2152,5
u4446,5
u4433,5
u4443,5
u2153,5
u2154,5
u2159,5
u2180,5
u2170,5
u2390,5
u4380,5
u2433,5
u1994,5
u1743,5
u4921,5
u4920,5
u4916,5
u2535,5
u4069,5
u1838,5
u4909,5
u1848,5
u4077,5
u4904,5
u2530,5
u4894,5
u4888,5
u4880,5
u4881,5
u1863,5
u4882,5
u4094,5
u4912,5
u4927,5
u4861,5
u4933,5
u1738,5
u2570,5
u4993,5
u4992,5
u1746,5
u1749,5
u1752,5
u2560,5
u4978,5
u1776,5
u2553,5
u2548,5
u1808,5
u4942,5
u1810,5
u4937,5
u1816,5
u4872,5
u4862,5
u4674,5
u2463,5
u4768,5
u2453,5
u1956,5
u4765,5
u4745,5
u4742,5
u1964,5
u1965,5
u4705,5
u4700,5
u4701,5
u4146,5
u1970,5
u4703,5
u4154,5
u1972,5
u2434,5
u4772,5
u4123,5
u4864,5
u1927,5
u4106,5
u4858,5
u4841,5
u2508,5
u1874,5
u4823,5
u1882,5
u1884,5
u2510,5
u2491,5
u1892,5
u4804,5
u4117,5
u4792,5
u1903,5
u1909,5
u4789,5
u5650,5
u1182,5
u6288,5
u394,5
u6452,5
u3496,5
u6440,5
u6429,5
u413,5
u415,5
u6414,5
u427,5
u6397,5
u3514,5
u6396,5
u428,5
u6374,5
u434,5
u436,5
u3528,5
u449,5
u6457,5
u404,5
u6359,5
u385,5
u6559,5
u263,5
u6545,5
u248,5
u259,5
u3469,5
u271,5
u303,5
u302,5
u3474,5
u3159,5
u318,5
u3121,5
u324,5
u6495,5
u3492,5
u373,5
u463,5
u460,5
u3015,5
u549,5
u566,5
u562,5
u576,5
u6234,5
u3041,5
u595,5
u3032,5
u6228,5
u3027,5
u3591,5
u606,5
u607,5
u3029,5
u6229,5
u3617,5
u3623,5
u3619,5
u559,5
u551,5
u6350,5
u6250,5
u3531,5
u3103,5
u3084,5
u476,5
u484,5
u3066,5
u3542,5
u6310,5
u3065,5
u3551,5
u3558,5
u3060,5
u6282,5
u3560,5
u6275,5
u6268,5
u6252,5
u6566,5
u256,5
u6564,5
u3385,5
u3389,5
u129,5
u133,5
u3399,5
u6852,5
u149,5
u3392,5
u6824,5
u3290,5
u6810,5
u6809,5
u3298,5
u3281,5
u6791,5
u3279,5
u176,5
u6790,5
u118,5
u113,5
u3458,5
u6885,5
u3346,5
u3350,5
u6957,5
u40,5
u47,5
u3351,5
u58,5
u6941,5
u62,5
u6935,5
u6934,5
u3356,5
u74,5
u3364,5
u89,5
u3376,5
u95,5
u6768,5
u3435,5
u3272,5
u173,5
u199,5
u3242,5
u203,5
u6645,5
u200,5
u201,5
u6636,5
u6621,5
u202,5
u216,5
u3463,5
u222,5
u226,5
u3177,5
u6586,5
u6580,5
u239,5
u6674,5
u6667,5
u6685,5
u6735,5
u6736,5
u6729,5
u3268,5
u6716,5
u183,5
u6731,5
u3260,5
u6721,5
u3434,5
u188,5
u207,5
u6708,5
u6702,5
u213,5
u6695,5
u3246,5
u3616,5
u2322,5
u2927,5
u6050,5
u793,5
u5778,5
u2845,5
u778,5
u5948,5
u3782,5
u5957,5
u2824,5
u776,5
u5774,5
u932,5
u2944,5
u5961,5
u764,5
u759,5
u5969,5
u5977,5
u5980,5
u933,5
u5985,5
u5740,5
u5736,5
u744,5
u2810,5
u6022,5
u738,5
u6051,5
u5724,5
u716,5
u3788,5
u5912,5
u5897,5
u3700,5
u2869,5
u865,5
u3749,5
u5836,5
u857,5
u3735,5
u2863,5
u843,5
u852,5
u5833,5
u873,5
u836,5
u3761,5
u829,5
u902,5
u2890,5
u816,5
u5816,5
u5895,5
u2900,5
u802,5
u3684,5
u5815,5
u5814,5
u5808,5
u807,5
u5798,5
u5883,5
u6042,5
u5994,5
u5700,5
u990,5
u692,5
u6080,5
u975,5
u705,5
u653,5
u6091,5
u687,5
u2989,5
u994,5
u3649,5
u3808,5
u6133,5
u680,5
u6132,5
u649,5
u5687,5
u2795,5
u6120,5
u2996,5
u3651,5
u696,5
u2998,5
u6142,5
u995,5
u6061,5
u3797,5
u6087,5
u6184,5
u6055,5
u6182,5
u1006,5
u698,5
u6057,5
u637,5
u6062,5
u5660,5
u3625,5
u3677,5
u2700,4
u3315,4
u8159,4
u3305,4
u8313,4
u3262,4
u2726,4
u2407,4
u8174,4
u2758,4
u8337,4
u2722,4
u8205,4
u2409,4
u2708,4
u2338,4
u3247,4
u8188,4
u2787,4
u2750,4
u3294,4
u8190,4
u8187,4
u2809,4
u2826,4
u2380,4
u3240,4
u2377,4
u2816,4
u2381,4
u2395,4
u3295,4
u8301,4
u8302,4
u2745,4
u2736,4
u2855,4
u2806,4
u3269,4
u8334,4
u8195,4
u8182,4
u8305,4
u3304,4
u2335,4
u2719,4
u3301,4
u2358,4
u2354,4
u2396,4
u2375,4
u2825,4
u2693,4
u8249,4
u2867,4
u8098,4
u2776,4
u2571,4
u3063,4
u3069,4
u2978,4
u2558,4
u8269,4
u8231,4
u8260,4
u8252,4
u2655,4
u2969,4
u8266,4
u2663,4
u2963,4
u3107,4
u2952,4
u2534,4
u2986,4
u8245,4
u2529,4
u3000,4
u2598,4
u3010,4
u2607,4
u8109,4
u2631,4
u3017,4
u2630,4
u8125,4
u3053,4
u2590,4
u2643,4
u2604,4
u3054,4
u8111,4
u8256,4
u3004,4
u2990,4
u8102,4
u2540,4
u3114,4
u2427,4
u3194,4
u2450,4
u3016,4
u8290,4
u8293,4
u8294,4
u8212,4
u2898,4
u2440,4
u3199,4
u8078,4
u2882,4
u2432,4
u3206,4
u8158,4
u2689,4
u3203,4
u2441,4
u3223,4
u8289,4
u2912,4
u2512,4
u2505,4
u2948,4
u2678,4
u8277,4
u3108,4
u3110,4
u2513,4
u3120,4
u2686,4
u2926,4
u8214,4
u3130,4
u3133,4
u8085,4
u2478,4
u8079,4
u2915,4
u2913,4
u3167,4
u2790,4
u8529,4
u8327,4
u732,4
u662,4
u8822,4
u679,4
u685,4
u701,4
u709,4
u711,4
u8789,4
u811,4
u747,4
u770,4
u777,4
u795,4
u787,4
u812,4
u801,4
u661,4
u657,4
u648,4
u8815,4
u8853,4
u597,4
u8844,4
u8842,4
u604,4
u626,4
u617,4
u620,4
u8841,4
u633,4
u635,4
u8829,4
u8828,4
u8827,4
u8816,4
u813,4
u815,4
u8335,4
u1002,4
u966,4
u959,4
u960,4
u965,4
u8733,4
u973,4
u999,4
u1011,4
u819,4
u1028,4
u8711,4
u1043,4
u1053,4
u1073,4
u1080,4
u1090,4
u8757,4
u952,4
u961,4
u939,4
u830,4
u8780,4
u834,4
u842,4
u870,4
u868,4
u8746,4
u8753,4
u8750,4
u900,4
u908,4
u903,4
u906,4
u917,4
u925,4
u8847,4
u8849,4
u8854,4
u196,4
u164,4
u165,4
u167,4
u172,4
u8984,4
u194,4
u187,4
u8977,4
u554,4
u8976,4
u8987,4
u8975,4
u8972,4
u211,4
u8967,4
u8953,4
u160,4
u159,4
u157,4
u163,4
u23,4
u45,4
u48,4
u37,4
u53,4
u77,4
u72,4
u83,4
u97,4
u93,4
u101,4
u117,4
u120,4
u146,4
u156,4
u219,4
u8961,4
u235,4
u8897,4
u471,4
u464,4
u465,4
u475,4
u486,4
u8882,4
u500,4
u8877,4
u8874,4
u513,4
u8873,4
u508,4
u531,4
u535,4
u545,4
u442,4
u426,4
u246,4
u399,4
u8944,4
u254,4
u264,4
u293,4
u301,4
u291,4
u8927,4
u8926,4
u307,4
u319,4
u348,4
u361,4
u370,4
u366,4
u8908,4
u1104,4
u8691,4
u1096,4
u1960,4
u1935,4
u8448,4
u1936,4
u1945,4
u1950,4
u1977,4
u1959,4
u1966,4
u8497,4
u1982,4
u1975,4
u1974,4
u1985,4
u1997,4
u2007,4
u2006,4
u1897,4
u8461,4
u1889,4
u1880,4
u1823,4
u1825,4
u1826,4
u1844,4
u8481,4
u1849,4
u1853,4
u1857,4
u1861,4
u1864,4
u1860,4
u1869,4
u1870,4
u1879,4
u1875,4
u2009,4
u2025,4
u2039,4
u2189,4
u2229,4
u2228,4
u2248,4
u2241,4
u2252,4
u8354,4
u2264,4
u2254,4
u2277,4
u2279,4
u8346,4
u2285,4
u2282,4
u2311,4
u2316,4
u2207,4
u2179,4
u8407,4
u2181,4
u2067,4
u8403,4
u2071,4
u2079,4
u2107,4
u8392,4
u2098,4
u2100,4
u2118,4
u2133,4
u2136,4
u2145,4
u2143,4
u2139,4
u2167,4
u1819,4
u1798,4
u1115,4
u1329,4
u1232,4
u1249,4
u1253,4
u8636,4
u1288,4
u1293,4
u1301,4
u8630,4
u1770,4
u1342,4
u8629,4
u1332,4
u1340,4
u1411,4
u1423,4
u1446,4
u1233,4
u1216,4
u1212,4
u8655,4
u1129,4
u1141,4
u1140,4
u1147,4
u1142,4
u1151,4
u1159,4
u1160,4
u1200,4
u1197,4
u8665,4
u1192,4
u1196,4
u1205,4
u1211,4
u1474,4
u1478,4
u1486,4
u1564,4
u1599,4
u1613,4
u1606,4
u1650,4
u1658,4
u8530,4
u8522,4
u1694,4
u1686,4
u1709,4
u1711,4
u1726,4
u1739,4
u1756,4
u1761,4
u1589,4
u1570,4
u1489,4
u1559,4
u1498,4
u1503,4
u1509,4
u1514,4
u1516,4
u1526,4
u8577,4
u8575,4
u1544,4
u1533,4
u1540,4
u8559,4
u8558,4
u1538,4
u1546,4
u8042,4
u6989,4
u5634,4
u4441,4
u5772,4
u4481,4
u4484,4
u6241,4
u4488,4
u5306,4
u4486,4
u4473,4
u4452,4
u5770,4
u5320,4
u4457,4
u4442,4
u7163,4
u4648,4
u5339,4
u4431,4
u4426,4
u6247,4
u6264,4
u7420,4
u4400,4
u4397,4
u4394,4
u6274,4
u6277,4
u7703,4
u5370,4
u5301,4
u6253,4
u5299,4
u4517,4
u5786,4
u7640,4
u5268,4
u4638,4
u7441,4
u4619,4
u4604,4
u4597,4
u4589,4
u7439,4
u7438,4
u7182,4
u5275,4
u7447,4
u5776,4
u7297,4
u7174,4
u4550,4
u7657,4
u7172,4
u4549,4
u7671,4
u4541,4
u4527,4
u7171,4
u4533,4
u5295,4
u7419,4
u6298,4
u6316,4
u4275,4
u7143,4
u4277,4
u4273,4
u7138,4
u7744,4
u4266,4
u5391,4
u5393,4
u6358,4
u4257,4
u4260,4
u4245,4
u7753,4
u5402,4
u4235,4
u7401,4
u6360,4
u6362,4
u4207,4
u7774,4
u5156,4
u5417,4
u7400,4
u4150,4
u4152,4
u6395,4
u5707,4
u7742,4
u4283,4
u6311,4
u7736,4
u4371,4
u4357,4
u4352,4
u6312,4
u7407,4
u5383,4
u7711,4
u4354,4
u6304,4
u7714,4
u6314,4
u6319,4
u4347,4
u7718,4
u6320,4
u4335,4
u4329,4
u6355,4
u4327,4
u5732,4
u6352,4
u4322,4
u4326,4
u4313,4
u4303,4
u4299,4
u7740,4
u6209,4
u4664,4
u6421,4
u6018,4
u7479,4
u7519,4
u5022,4
u5025,4
u5038,4
u5018,4
u5032,4
u5966,4
u5019,4
u7475,4
u7528,4
u7541,4
u6025,4
u6021,4
u4675,4
u6038,4
u5003,4
u5168,4
u4995,4
u4990,4
u7535,4
u7538,4
u5854,4
u4980,4
u5850,4
u7225,4
u6048,4
u6053,4
u5967,4
u5960,4
u5041,4
u5964,4
u7486,4
u5163,4
u5154,4
u5867,4
u5175,4
u5148,4
u5141,4
u5870,4
u5139,4
u5136,4
u5171,4
u5134,4
u5118,4
u7261,4
u5885,4
u7498,4
u5106,4
u5101,4
u5081,4
u3328,4
u7256,4
u5056,4
u5047,4
u7257,4
u5868,4
u7250,4
u5935,4
u6070,4
u7219,4
u5865,4
u7279,4
u7591,4
u4801,4
u5835,4
u7606,4
u5251,4
u7282,4
u4774,4
u7200,4
u7287,4
u6162,4
u4761,4
u6183,4
u6200,4
u5257,4
u4750,4
u4744,4
u4735,4
u5791,4
u4714,4
u7625,4
u4698,4
u5261,4
u5789,4
u4685,4
u6203,4
u4679,4
u6215,4
u4811,4
u5206,4
u5842,4
u6099,4
u6084,4
u4953,4
u4939,4
u4944,4
u4930,4
u7559,4
u4917,4
u4918,4
u6100,4
u4908,4
u5196,4
u7563,4
u7207,4
u7567,4
u7568,4
u4893,4
u4877,4
u4878,4
u7583,4
u4856,4
u4854,4
u6094,4
u5832,4
u5830,4
u5209,4
u7205,4
u4810,4
u7785,4
u4189,4
u4158,4
u6724,4
u3687,4
u6761,4
u6762,4
u3690,4
u3697,4
u3689,4
u3679,4
u6766,4
u3678,4
u6803,4
u7035,4
u7036,4
u7358,4
u5639,4
u7028,4
u3673,4
u5636,4
u6866,4
u3670,4
u3660,4
u7951,4
u3657,4
u3650,4
u3637,4
u3636,4
u6870,4
u5601,4
u6738,4
u5587,4
u5597,4
u6730,4
u5647,4
u5654,4
u3826,4
u7902,4
u5537,4
u3825,4
u4145,4
u3818,4
u3814,4
u3800,4
u3792,4
u3790,4
u6655,4
u3786,4
u6661,4
u5648,4
u6676,4
u6682,4
u6692,4
u6693,4
u5553,4
u6697,4
u7048,4
u3721,4
u6707,4
u5567,4
u3705,4
u3628,4
u3615,4
u5649,4
u3473,4
u5620,4
u3457,4
u6952,4
u3453,4
u7347,4
u6962,4
u6956,4
u3445,4
u3448,4
u3444,4
u6993,4
u6996,4
u3427,4
u3429,4
u3436,4
u3430,4
u6960,4
u3418,4
u3411,4
u5642,4
u3415,4
u3422,4
u5622,4
u7339,4
u3360,4
u3359,4
u3343,4
u5617,4
u5613,4
u3610,4
u3475,4
u3609,4
u3590,4
u3587,4
u3595,4
u6882,4
u3575,4
u7359,4
u3562,4
u7009,4
u7981,4
u7006,4
u5604,4
u3541,4
u3538,4
u5633,4
u3547,4
u3534,4
u3530,4
u3509,4
u3508,4
u7012,4
u5631,4
u6904,4
u6908,4
u6925,4
u3482,4
u3477,4
u6614,4
u3824,4
u5651,4
u4035,4
u4047,4
u4044,4
u4042,4
u6505,4
u5701,4
u4034,4
u7820,4
u7819,4
u6501,4
u5462,4
u5696,4
u6525,4
u7825,4
u6518,4
u6503,4
u4015,4
u4014,4
u7383,4
u7835,4
u6530,4
u4002,4
u7836,4
u7842,4
u3992,4
u7839,4
u5474,4
u6609,4
u3989,4
u5448,4
u4049,4
u3974,4
u6494,4
u4140,4
u4142,4
u7124,4
u5429,4
u6422,4
u4135,4
u7119,4
u6463,4
u7790,4
u4131,4
u5439,4
u6479,4
u7115,4
u6493,4
u4051,4
u7793,4
u7794,4
u4101,4
u6486,4
u4095,4
u6485,4
u6491,4
u5705,4
u4075,4
u6507,4
u6509,4
u4079,4
u4056,4
u6531,4
u5866,4
u3909,4
u3885,4
u5659,4
u7858,4
u3928,4
u3914,4
u5685,4
u3863,4
u7079,4
u5486,4
u5519,4
u3875,4
u5468,4
u6546,4
u6569,4
u7880,4
u3902,4
u6588,4
u3898,4
u3896,4
u3908,4
u5499,4
u7382,4
u5498,4
u3897,4
u7857,4
u7375,4
u3851,4
u3847,4
u5656,4
u6602,4
u7852,4
u6595,4
u6535,4
u3856,4
u7851,4
u5475,4
u7103,4
u7378,4
u3850,4
u6536,4
u3964,4
u3852,4
u7105,4
u7318,4
u5861,3
u954,3
u5864,3
u8736,3
u1029,3
u963,3
u1012,3
u1046,3
u1067,3
u5763,3
u5846,3
u5756,3
u850,3
u970,3
u951,3
u8706,3
u5731,3
u8760,3
u7300,3
u1030,3
u5635,3
u923,3
u8758,3
u968,3
u866,3
u5673,3
u979,3
u5827,3
u5817,3
u7325,3
u5629,3
u1055,3
u5686,3
u3325,3
u5860,3
u249,3
u212,3
u6604,3
u220,3
u6591,3
u223,3
u6584,3
u238,3
u234,3
u241,3
u242,3
u243,3
u6565,3
u8943,3
u7098,3
u280,3
u204,3
u279,3
u272,3
u281,3
u7090,3
u6521,3
u296,3
u298,3
u6510,3
u325,3
u310,3
u400,3
u410,3
u408,3
u6407,3
u206,3
u6629,3
u6383,3
u112,3
u1,3
u6966,3
u9033,3
u38,3
u6949,3
u6997,3
u9024,3
u6939,3
u7008,3
u6926,3
u6899,3
u94,3
u9011,3
u107,3
u6879,3
u6634,3
u6874,3
u6863,3
u6856,3
u6828,3
u6832,3
u6819,3
u6805,3
u7049,3
u6734,3
u6732,3
u8981,3
u6687,3
u6644,3
u6648,3
u6403,3
u6364,3
u5876,3
u670,3
u621,3
u632,3
u7193,3
u7195,3
u8826,3
u8821,3
u7199,3
u8825,3
u6135,3
u7201,3
u6131,3
u6104,3
u6106,3
u6097,3
u673,3
u7185,3
u683,3
u6093,3
u688,3
u677,3
u7218,3
u699,3
u6041,3
u8793,3
u736,3
u5989,3
u7243,3
u5911,3
u5880,3
u5875,3
u7188,3
u608,3
u448,3
u533,3
u6357,3
u454,3
u466,3
u7137,3
u6343,3
u8881,3
u8878,3
u503,3
u506,3
u8875,3
u507,3
u6286,3
u5625,3
u8869,3
u552,3
u602,3
u563,3
u7164,3
u6244,3
u6240,3
u572,3
u579,3
u583,3
u6232,3
u6225,3
u6224,3
u7178,3
u609,3
u7184,3
u7183,3
u8868,3
u5072,3
u1110,3
u7822,3
u4036,3
u2577,3
u2562,3
u4033,3
u4048,3
u2539,3
u4074,3
u2545,3
u4085,3
u7804,3
u2525,3
u7799,3
u2501,3
u2498,3
u4113,3
u4120,3
u4129,3
u2581,3
u4026,3
u2451,3
u4018,3
u2694,3
u3905,3
u7871,3
u3955,3
u3953,3
u3962,3
u2685,3
u2665,3
u2659,3
u8227,3
u3963,3
u3968,3
u2653,3
u3991,3
u7841,3
u2608,3
u2605,3
u2458,3
u4137,3
u7864,3
u4321,3
u2284,3
u4334,3
u4355,3
u8348,3
u4344,3
u4363,3
u4345,3
u2243,3
u2232,3
u2247,3
u4360,3
u4382,3
u4384,3
u4388,3
u2186,3
u4390,3
u2165,3
u8351,3
u4319,3
u2455,3
u7746,3
u2456,3
u2446,3
u4160,3
u2431,3
u4149,3
u4170,3
u4190,3
u4203,3
u4228,3
u2402,3
u4219,3
u4236,3
u4243,3
u2383,3
u2370,3
u7749,3
u2361,3
u2697,3
u2706,3
u1101,3
u3116,3
u3550,3
u3064,3
u3559,3
u3564,3
u3573,3
u3052,3
u3621,3
u3006,3
u3634,3
u7945,3
u3671,3
u2983,3
u2981,3
u8128,3
u2962,3
u2959,3
u7941,3
u8094,3
u3487,3
u2960,3
u3484,3
u3393,3
u3401,3
u3289,3
u3424,3
u3432,3
u3433,3
u8010,3
u8008,3
u3184,3
u8009,3
u8000,3
u3166,3
u8080,3
u3478,3
u3481,3
u3483,3
u3115,3
u2954,3
u2965,3
u2728,3
u3821,3
u2780,3
u2773,3
u8176,3
u8175,3
u2774,3
u2763,3
u3838,3
u8183,3
u2755,3
u3846,3
u3855,3
u7886,3
u2713,3
u2724,3
u2725,3
u2709,3
u3903,3
u2781,3
u2822,3
u7935,3
u3785,3
u2931,3
u3693,3
u3685,3
u3688,3
u3698,3
u2887,3
u2891,3
u2874,3
u8157,3
u3740,3
u3743,3
u3759,3
u2858,3
u7929,3
u3773,3
u2854,3
u3778,3
u2161,3
u8368,3
u4406,3
u8578,3
u1518,3
u8584,3
u1527,3
u8581,3
u8582,3
u1512,3
u5246,3
u1501,3
u8592,3
u7453,3
u1511,3
u7450,3
u1493,3
u5286,3
u1453,3
u1449,3
u1433,3
u7466,3
u5178,3
u5351,3
u1542,3
u1647,3
u5066,3
u5090,3
u1604,3
u8547,3
u5126,3
u1576,3
u5155,3
u1565,3
u7489,3
u1537,3
u1550,3
u1545,3
u8562,3
u1553,3
u7485,3
u5180,3
u5314,3
u5361,3
u2174,3
u5555,3
u5535,3
u8667,3
u5560,3
u5544,3
u1171,3
u1167,3
u1158,3
u1154,3
u5598,3
u1145,3
u5589,3
u1139,3
u5608,3
u8694,3
u1128,3
u1121,3
u1095,3
u8659,3
u5530,3
u1353,3
u5520,3
u1333,3
u5374,3
u8625,3
u1350,3
u1343,3
u1296,3
u5444,3
u1280,3
u5458,3
u1275,3
u1264,3
u1258,3
u1250,3
u8649,3
u1220,3
u5501,3
u1207,3
u1657,3
u5050,3
u5031,3
u4588,3
u4583,3
u2029,3
u8423,3
u2002,3
u7634,3
u1984,3
u4677,3
u1980,3
u7626,3
u1968,3
u4723,3
u7613,3
u1954,3
u7610,3
u1937,3
u4764,3
u4773,3
u2027,3
u2035,3
u8531,3
u2044,3
u2156,3
u8374,3
u2149,3
u8383,3
u8381,3
u4487,3
u4489,3
u2097,3
u4503,3
u7670,3
u4508,3
u4519,3
u7664,3
u7661,3
u2062,3
u4581,3
u2043,3
u4780,3
u1920,3
u1917,3
u1910,3
u1821,3
u4975,3
u4984,3
u1771,3
u7545,3
u1764,3
u4983,3
u5010,3
u1733,3
u5009,3
u5012,3
u5034,3
u1704,3
u1692,3
u1664,3
u5021,3
u5030,3
u1815,3
u4961,3
u4968,3
u4837,3
u8456,3
u7592,3
u8457,3
u7601,3
u1887,3
u4814,3
u4822,3
u8466,3
u1828,3
u4830,3
u4832,3
u1865,3
u7566,3
u7562,3
u8483,3
u1840,3
u8011,3
